SaleID,Date,ProductID,CustomerID,Quantity,Amount
1,2024-01-01,97,367,3,1402
2,2024-01-02,59,201,9,4252
3,2024-01-03,92,302,8,3305
4,2024-01-04,84,336,7,458
5,2024-01-05,72,90,6,3199
6,2024-01-06,56,361,6,2054
7,2024-01-07,93,280,7,4280
8,2024-01-08,61,480,2,3195
9,2024-01-09,10,436,8,1645
10,2024-01-10,85,260,6,454
11,2024-01-11,88,149,2,4421
12,2024-01-12,19,459,4,694
13,2024-01-13,97,252,9,829
14,2024-01-14,51,389,1,893
15,2024-01-15,40,415,8,1625
16,2024-01-16,60,61,6,4360
17,2024-01-17,90,134,3,4622
18,2024-01-18,55,179,5,4424
19,2024-01-19,82,473,6,3352
20,2024-01-20,70,81,7,1257
21,2024-01-21,19,79,2,1098
22,2024-01-22,65,118,2,4505
23,2024-01-23,48,330,6,2903
24,2024-01-24,33,272,6,1947
25,2024-01-25,43,245,3,1007
26,2024-01-26,70,366,9,3815
27,2024-01-27,81,29,6,3741
28,2024-01-28,24,351,6,369
29,2024-01-29,56,94,1,4849
30,2024-01-30,93,131,6,1686
31,2024-01-31,94,300,8,4317
32,2024-02-01,45,196,4,3047
33,2024-02-02,90,98,2,3857
34,2024-02-03,74,65,5,3580
35,2024-02-04,84,69,5,3227
36,2024-02-05,25,181,2,445
37,2024-02-06,76,461,4,1143
38,2024-02-07,2,335,5,4862
39,2024-02-08,1,482,7,2125
40,2024-02-09,10,364,2,995
41,2024-02-10,84,409,7,3962
42,2024-02-11,20,294,9,511
43,2024-02-12,58,69,1,4537
44,2024-02-13,39,387,6,1874
45,2024-02-14,56,136,9,1838
46,2024-02-15,85,389,3,4329
47,2024-02-16,29,260,9,1347
48,2024-02-17,55,474,9,653
49,2024-02-18,92,11,2,1296
50,2024-02-19,24,405,1,1242
51,2024-02-20,2,329,3,2535
52,2024-02-21,68,327,9,749
53,2024-02-22,51,470,4,2758
54,2024-02-23,89,128,7,1540
55,2024-02-24,50,20,2,3101
56,2024-02-25,63,148,8,3624
57,2024-02-26,9,263,4,2090
58,2024-02-27,4,90,2,3688
59,2024-02-28,42,219,5,1259
60,2024-02-29,57,351,1,4977
61,2024-03-01,88,172,9,3294
62,2024-03-02,18,88,8,2048
63,2024-03-03,45,487,1,4786
64,2024-03-04,24,51,7,409
65,2024-03-05,93,5,5,3447
66,2024-03-06,7,375,8,1824
67,2024-03-07,99,33,7,4454
68,2024-03-08,66,202,8,208
69,2024-03-09,61,323,1,2367
70,2024-03-10,75,102,9,816
71,2024-03-11,46,447,5,2696
72,2024-03-12,24,376,9,250
73,2024-03-13,35,192,4,896
74,2024-03-14,10,423,8,1980
75,2024-03-15,3,391,6,274
76,2024-03-16,49,56,8,2995
77,2024-03-17,12,91,7,2752
78,2024-03-18,42,387,1,2769
79,2024-03-19,46,87,3,446
80,2024-03-20,91,225,6,209
81,2024-03-21,100,397,8,1343
82,2024-03-22,50,87,1,4684
83,2024-03-23,77,450,4,4410
84,2024-03-24,8,482,7,4364
85,2024-03-25,36,415,8,2090
86,2024-03-26,76,52,3,2432
87,2024-03-27,53,325,7,512
88,2024-03-28,89,7,8,2747
89,2024-03-29,81,258,6,473
90,2024-03-30,8,480,5,2619
91,2024-03-31,85,455,2,3497
92,2024-04-01,70,431,2,779
93,2024-04-02,60,46,4,1919
94,2024-04-03,62,318,3,1261
95,2024-04-04,87,79,4,4499
96,2024-04-05,25,270,1,4156
97,2024-04-06,36,297,2,2445
98,2024-04-07,61,268,1,2894
99,2024-04-08,19,246,2,2288
100,2024-04-09,100,409,5,4895
101,2024-04-10,78,77,7,214
102,2024-04-11,14,333,7,2301
103,2024-04-12,14,448,5,3182
104,2024-04-13,100,285,9,4980
105,2024-04-14,97,434,4,4099
106,2024-04-15,26,247,4,3121
107,2024-04-16,66,313,9,3292
108,2024-04-17,2,158,6,1303
109,2024-04-18,61,334,7,4698
110,2024-04-19,58,331,8,1584
111,2024-04-20,55,270,7,435
112,2024-04-21,54,283,9,1362
113,2024-04-22,41,167,1,1742
114,2024-04-23,98,346,4,4250
115,2024-04-24,9,422,1,3482
116,2024-04-25,91,16,6,1432
117,2024-04-26,68,145,6,4251
118,2024-04-27,22,104,9,2815
119,2024-04-28,28,491,5,3202
120,2024-04-29,96,308,7,578
121,2024-04-30,7,338,2,1308
122,2024-05-01,70,408,8,1516
123,2024-05-02,17,120,1,961
124,2024-05-03,63,429,5,470
125,2024-05-04,95,494,6,2320
126,2024-05-05,93,188,3,2027
127,2024-05-06,34,45,9,4600
128,2024-05-07,25,46,2,4738
129,2024-05-08,87,127,7,324
130,2024-05-09,84,42,2,2396
131,2024-05-10,95,411,2,1602
132,2024-05-11,100,352,2,2569
133,2024-05-12,73,408,2,3166
134,2024-05-13,71,269,7,518
135,2024-05-14,62,412,5,668
136,2024-05-15,49,284,2,700
137,2024-05-16,4,37,9,1861
138,2024-05-17,61,495,3,4795
139,2024-05-18,91,418,3,2680
140,2024-05-19,53,11,2,3082
141,2024-05-20,7,406,7,3928
142,2024-05-21,23,381,7,399
143,2024-05-22,21,184,4,3052
144,2024-05-23,33,45,8,432
145,2024-05-24,29,280,5,2529
146,2024-05-25,46,455,7,551
147,2024-05-26,32,260,5,3446
148,2024-05-27,100,22,2,4944
149,2024-05-28,37,222,3,3988
150,2024-05-29,20,18,1,805
151,2024-05-30,47,96,9,4031
152,2024-05-31,7,489,7,3349
153,2024-06-01,93,271,7,3632
154,2024-06-02,32,140,1,4646
155,2024-06-03,1,288,6,4085
156,2024-06-04,95,59,3,1119
157,2024-06-05,18,204,2,694
158,2024-06-06,61,355,2,2996
159,2024-06-07,84,16,5,1717
160,2024-06-08,24,171,1,1013
161,2024-06-09,93,403,4,4337
162,2024-06-10,69,265,7,3645
163,2024-06-11,77,145,8,1716
164,2024-06-12,60,109,2,237
165,2024-06-13,36,491,7,4678
166,2024-06-14,21,333,1,1641
167,2024-06-15,91,295,2,725
168,2024-06-16,11,20,9,2804
169,2024-06-17,43,157,7,4158
170,2024-06-18,87,102,3,3306
171,2024-06-19,42,414,3,3929
172,2024-06-20,80,213,7,2174
173,2024-06-21,94,435,2,2469
174,2024-06-22,12,445,9,626
175,2024-06-23,58,53,7,3313
176,2024-06-24,18,203,7,1592
177,2024-06-25,48,105,1,2277
178,2024-06-26,13,487,5,1346
179,2024-06-27,42,451,7,1828
180,2024-06-28,51,5,6,2157
181,2024-06-29,40,389,1,251
182,2024-06-30,91,239,1,2205
183,2024-07-01,40,259,6,639
184,2024-07-02,49,388,1,4124
185,2024-07-03,90,11,7,2222
186,2024-07-04,69,383,8,1706
187,2024-07-05,55,332,4,350
188,2024-07-06,8,459,7,4579
189,2024-07-07,3,424,4,595
190,2024-07-08,38,469,1,4927
191,2024-07-09,87,179,7,1870
192,2024-07-10,84,170,8,4899
193,2024-07-11,77,130,4,4529
194,2024-07-12,31,410,3,4699
195,2024-07-13,92,489,8,4230
196,2024-07-14,19,177,8,1536
197,2024-07-15,29,2,3,4161
198,2024-07-16,31,32,1,2099
199,2024-07-17,23,389,4,1226
200,2024-07-18,11,251,3,3167
201,2024-07-19,74,151,8,3262
202,2024-07-20,45,141,8,3850
203,2024-07-21,61,182,8,3195
204,2024-07-22,96,484,3,1104
205,2024-07-23,82,249,4,3392
206,2024-07-24,44,223,5,3974
207,2024-07-25,33,163,8,4856
208,2024-07-26,37,6,9,1474
209,2024-07-27,4,465,8,747
210,2024-07-28,54,288,6,1444
211,2024-07-29,65,179,2,2242
212,2024-07-30,8,18,5,1467
213,2024-07-31,89,122,5,4035
214,2024-08-01,86,231,9,3598
215,2024-08-02,95,429,2,1692
216,2024-08-03,16,160,6,4439
217,2024-08-04,93,357,8,796
218,2024-08-05,22,394,4,1930
219,2024-08-06,88,390,5,1253
220,2024-08-07,33,417,8,3099
221,2024-08-08,22,324,7,2457
222,2024-08-09,35,131,4,488
223,2024-08-10,18,47,2,2212
224,2024-08-11,60,397,3,4791
225,2024-08-12,72,380,5,1003
226,2024-08-13,5,497,8,4143
227,2024-08-14,28,159,6,2238
228,2024-08-15,68,307,2,2486
229,2024-08-16,46,113,5,4697
230,2024-08-17,38,350,6,1034
231,2024-08-18,73,114,4,1434
232,2024-08-19,75,173,7,3033
233,2024-08-20,80,492,3,4130
234,2024-08-21,74,500,2,257
235,2024-08-22,28,152,4,4865
236,2024-08-23,86,278,1,840
237,2024-08-24,31,319,9,2654
238,2024-08-25,54,224,7,2396
239,2024-08-26,88,417,4,3220
240,2024-08-27,50,163,5,4356
241,2024-08-28,27,223,7,1964
242,2024-08-29,64,8,5,2234
243,2024-08-30,43,441,8,933
244,2024-08-31,50,108,6,766
245,2024-09-01,51,369,7,4754
246,2024-09-02,52,345,5,4383
247,2024-09-03,61,179,9,4768
248,2024-09-04,25,189,1,4522
249,2024-09-05,10,473,2,3225
250,2024-09-06,3,48,1,2440
251,2024-09-07,90,496,2,427
252,2024-09-08,69,400,6,3073
253,2024-09-09,47,198,7,4466
254,2024-09-10,88,22,6,1767
255,2024-09-11,26,338,3,4389
256,2024-09-12,40,196,5,4864
257,2024-09-13,76,431,8,2222
258,2024-09-14,81,39,5,913
259,2024-09-15,3,272,5,3829
260,2024-09-16,48,490,2,2632
261,2024-09-17,70,5,3,334
262,2024-09-18,95,438,7,1556
263,2024-09-19,32,213,3,4371
264,2024-09-20,30,138,5,476
265,2024-09-21,97,387,7,578
266,2024-09-22,10,35,5,1123
267,2024-09-23,60,200,3,4599
268,2024-09-24,3,434,4,2588
269,2024-09-25,73,238,8,3815
270,2024-09-26,42,473,4,4348
271,2024-09-27,74,246,2,2956
272,2024-09-28,14,7,7,2026
273,2024-09-29,67,468,8,3071
274,2024-09-30,10,268,8,2952
275,2024-10-01,32,432,1,644
276,2024-10-02,45,165,1,4531
277,2024-10-03,92,498,7,2036
278,2024-10-04,11,135,5,350
279,2024-10-05,89,135,8,4470
280,2024-10-06,26,465,6,751
281,2024-10-07,6,68,3,2015
282,2024-10-08,69,364,4,4594
283,2024-10-09,39,484,5,1821
284,2024-10-10,72,77,3,983
285,2024-10-11,83,420,9,3666
286,2024-10-12,71,385,9,4867
287,2024-10-13,63,203,9,4822
288,2024-10-14,93,277,5,270
289,2024-10-15,47,95,5,4553
290,2024-10-16,56,436,5,796
291,2024-10-17,21,354,9,582
292,2024-10-18,73,189,1,2293
293,2024-10-19,66,480,5,1660
294,2024-10-20,48,387,5,4449
295,2024-10-21,5,227,2,989
296,2024-10-22,78,397,2,4070
297,2024-10-23,22,286,1,1346
298,2024-10-24,75,94,7,4002
299,2024-10-25,81,210,1,321
300,2024-10-26,70,63,5,2811
301,2024-10-27,92,76,7,1882
302,2024-10-28,75,453,1,4288
303,2024-10-29,71,123,5,4471
304,2024-10-30,17,25,1,296
305,2024-10-31,36,69,5,2579
306,2024-11-01,52,378,5,2015
307,2024-11-02,62,102,3,914
308,2024-11-03,34,38,6,818
309,2024-11-04,66,304,5,1363
310,2024-11-05,3,334,5,3907
311,2024-11-06,46,73,2,1642
312,2024-11-07,27,249,8,4866
313,2024-11-08,5,67,5,3520
314,2024-11-09,9,368,8,3035
315,2024-11-10,22,46,5,2198
316,2024-11-11,58,483,2,682
317,2024-11-12,72,352,4,4795
318,2024-11-13,50,116,9,774
319,2024-11-14,56,148,4,4728
320,2024-11-15,71,278,7,681
321,2024-11-16,94,219,7,3714
322,2024-11-17,20,43,3,1478
323,2024-11-18,12,448,7,1660
324,2024-11-19,44,297,8,4502
325,2024-11-20,17,199,8,1043
326,2024-11-21,83,338,2,1742
327,2024-11-22,20,487,5,1850
328,2024-11-23,59,58,1,3080
329,2024-11-24,92,339,7,3407
330,2024-11-25,19,170,2,4103
331,2024-11-26,29,369,7,3090
332,2024-11-27,91,463,1,260
333,2024-11-28,53,86,1,2358
334,2024-11-29,59,41,1,2518
335,2024-11-30,60,142,1,4825
336,2024-12-01,7,361,9,964
337,2024-12-02,34,339,7,4511
338,2024-12-03,93,106,3,3253
339,2024-12-04,18,119,9,3862
340,2024-12-05,77,173,1,1029
341,2024-12-06,90,318,2,3438
342,2024-12-07,70,451,6,1090
343,2024-12-08,87,11,2,1025
344,2024-12-09,92,97,7,1446
345,2024-12-10,50,92,3,1551
346,2024-12-11,80,35,6,3238
347,2024-12-12,67,5,4,3714
348,2024-12-13,41,87,9,1458
349,2024-12-14,5,48,8,2376
350,2024-12-15,82,118,2,1012
351,2024-12-16,31,295,9,1449
352,2024-12-17,52,334,8,1857
353,2024-12-18,9,302,2,1561
354,2024-12-19,21,209,6,683
355,2024-12-20,64,40,4,564
356,2024-12-21,45,351,8,2459
357,2024-12-22,34,93,2,4440
358,2024-12-23,35,313,5,384
359,2024-12-24,32,85,3,4327
360,2024-12-25,44,178,8,2058
361,2024-12-26,26,327,2,428
362,2024-12-27,17,163,2,890
363,2024-12-28,35,357,4,847
364,2024-12-29,62,46,5,385
365,2024-12-30,1,143,3,3163
366,2024-12-31,19,78,1,329
367,2025-01-01,23,497,5,2519
368,2025-01-02,97,291,9,3869
369,2025-01-03,84,167,3,2497
370,2025-01-04,9,461,2,4005
371,2025-01-05,48,451,9,3980
372,2025-01-06,49,123,1,807
373,2025-01-07,97,300,7,4733
374,2025-01-08,30,40,6,2584
375,2025-01-09,54,53,8,1727
376,2025-01-10,11,359,8,4722
377,2025-01-11,78,73,6,2282
378,2025-01-12,48,388,8,1695
379,2025-01-13,53,90,7,3749
380,2025-01-14,9,209,9,270
381,2025-01-15,78,1,9,2189
382,2025-01-16,94,74,8,618
383,2025-01-17,48,476,9,4962
384,2025-01-18,64,208,9,229
385,2025-01-19,32,405,2,442
386,2025-01-20,68,23,8,2120
387,2025-01-21,84,268,8,2720
388,2025-01-22,58,60,7,1120
389,2025-01-23,44,255,8,629
390,2025-01-24,66,330,5,623
391,2025-01-25,75,468,8,1435
392,2025-01-26,47,473,7,4625
393,2025-01-27,24,112,8,2231
394,2025-01-28,59,24,4,999
395,2025-01-29,43,344,1,732
396,2025-01-30,69,358,4,2973
397,2025-01-31,35,432,1,3078
398,2025-02-01,68,340,1,1966
399,2025-02-02,8,296,8,3253
400,2025-02-03,54,154,7,4990
401,2025-02-04,29,220,8,3017
402,2025-02-05,25,344,4,831
403,2025-02-06,45,315,7,407
404,2025-02-07,65,175,1,4763
405,2025-02-08,74,290,7,2483
406,2025-02-09,20,85,9,824
407,2025-02-10,46,338,6,3124
408,2025-02-11,36,351,8,1686
409,2025-02-12,37,408,8,3186
410,2025-02-13,56,78,6,1892
411,2025-02-14,30,135,7,4644
412,2025-02-15,23,360,9,3526
413,2025-02-16,52,193,8,2370
414,2025-02-17,76,238,7,1395
415,2025-02-18,41,287,9,825
416,2025-02-19,84,488,5,1561
417,2025-02-20,14,253,4,2057
418,2025-02-21,77,120,6,4481
419,2025-02-22,67,463,7,3053
420,2025-02-23,50,269,3,4462
421,2025-02-24,8,284,3,2939
422,2025-02-25,65,81,7,2386
423,2025-02-26,21,153,8,3896
424,2025-02-27,78,92,3,4738
425,2025-02-28,27,16,2,2862
426,2025-03-01,96,181,1,3300
427,2025-03-02,97,352,3,1335
428,2025-03-03,20,94,7,1686
429,2025-03-04,49,487,2,3087
430,2025-03-05,9,476,6,861
431,2025-03-06,87,442,7,4627
432,2025-03-07,83,63,4,1818
433,2025-03-08,21,34,3,4983
434,2025-03-09,5,165,8,1903
435,2025-03-10,65,275,8,1533
436,2025-03-11,28,185,7,3902
437,2025-03-12,79,91,5,4268
438,2025-03-13,72,281,6,1174
439,2025-03-14,94,201,9,511
440,2025-03-15,35,447,4,1516
441,2025-03-16,17,65,7,1541
442,2025-03-17,73,261,3,4273
443,2025-03-18,5,366,9,1135
444,2025-03-19,91,285,5,4783
445,2025-03-20,26,228,1,688
446,2025-03-21,22,318,9,4243
447,2025-03-22,55,94,9,1002
448,2025-03-23,18,193,6,972
449,2025-03-24,21,90,7,700
450,2025-03-25,61,43,8,4161
451,2025-03-26,18,28,3,644
452,2025-03-27,75,407,5,3585
453,2025-03-28,74,245,9,2247
454,2025-03-29,20,109,9,3308
455,2025-03-30,97,418,5,2480
456,2025-03-31,19,265,7,1369
457,2025-04-01,67,156,4,1748
458,2025-04-02,22,457,7,3098
459,2025-04-03,33,382,5,3026
460,2025-04-04,77,459,2,2451
461,2025-04-05,20,446,1,3497
462,2025-04-06,53,105,8,2896
463,2025-04-07,90,334,3,3625
464,2025-04-08,76,396,7,3806
465,2025-04-09,83,365,1,4045
466,2025-04-10,1,190,7,4428
467,2025-04-11,63,481,2,4241
468,2025-04-12,47,10,7,4270
469,2025-04-13,46,228,9,1416
470,2025-04-14,69,198,9,3023
471,2025-04-15,45,485,6,4932
472,2025-04-16,97,469,6,3305
473,2025-04-17,7,300,7,1940
474,2025-04-18,10,204,4,734
475,2025-04-19,92,329,2,3464
476,2025-04-20,79,80,9,924
477,2025-04-21,1,261,7,3174
478,2025-04-22,66,57,3,3224
479,2025-04-23,70,456,3,4460
480,2025-04-24,56,186,6,305
481,2025-04-25,5,194,7,1875
482,2025-04-26,90,305,3,860
483,2025-04-27,70,60,2,4673
484,2025-04-28,13,173,4,2382
485,2025-04-29,99,291,9,2552
486,2025-04-30,27,61,9,3124
487,2025-05-01,70,122,6,1522
488,2025-05-02,27,37,5,389
489,2025-05-03,21,91,5,2670
490,2025-05-04,44,229,8,4534
491,2025-05-05,79,79,9,2252
492,2025-05-06,47,39,8,4035
493,2025-05-07,31,50,8,4517
494,2025-05-08,29,117,8,2730
495,2025-05-09,53,389,4,1518
496,2025-05-10,21,270,1,1993
497,2025-05-11,73,248,4,3698
498,2025-05-12,71,477,6,2372
499,2025-05-13,94,373,8,1361
500,2025-05-14,94,374,9,1203
501,2025-05-15,55,93,6,4718
502,2025-05-16,78,227,7,3016
503,2025-05-17,34,243,1,4208
504,2025-05-18,12,261,4,4974
505,2025-05-19,92,292,5,3120
506,2025-05-20,82,417,9,1546
507,2025-05-21,56,157,1,3812
508,2025-05-22,5,398,1,901
509,2025-05-23,80,152,6,3196
510,2025-05-24,94,205,6,2276
511,2025-05-25,41,186,3,2284
512,2025-05-26,44,91,6,4981
513,2025-05-27,5,28,2,432
514,2025-05-28,92,58,9,4895
515,2025-05-29,96,107,3,3639
516,2025-05-30,81,166,9,3274
517,2025-05-31,24,410,9,3025
518,2025-06-01,84,29,7,936
519,2025-06-02,89,143,7,3235
520,2025-06-03,12,446,7,4595
521,2025-06-04,99,137,5,3303
522,2025-06-05,85,25,2,2314
523,2025-06-06,11,488,3,1242
524,2025-06-07,35,119,2,1354
525,2025-06-08,76,65,8,1584
526,2025-06-09,75,212,7,997
527,2025-06-10,17,234,4,476
528,2025-06-11,54,47,5,1271
529,2025-06-12,90,99,9,1591
530,2025-06-13,26,440,4,4600
531,2025-06-14,30,103,4,1480
532,2025-06-15,77,250,2,1943
533,2025-06-16,56,29,9,3234
534,2025-06-17,52,144,4,3323
535,2025-06-18,3,119,2,1247
536,2025-06-19,82,121,7,3894
537,2025-06-20,84,80,4,950
538,2025-06-21,98,272,8,1178
539,2025-06-22,35,58,2,2641
540,2025-06-23,65,387,7,2311
541,2025-06-24,56,136,5,3086
542,2025-06-25,18,416,9,2773
543,2025-06-26,70,206,5,4031
544,2025-06-27,5,147,8,999
545,2025-06-28,44,121,2,3456
546,2025-06-29,82,336,9,1838
547,2025-06-30,99,225,1,3589
548,2025-07-01,11,347,5,1976
549,2025-07-02,58,203,3,4765
550,2025-07-03,45,266,2,1812
551,2025-07-04,93,94,1,3719
552,2025-07-05,100,168,8,902
553,2025-07-06,11,415,6,1767
554,2025-07-07,60,181,4,2841
555,2025-07-08,65,237,8,2195
556,2025-07-09,93,246,1,2119
557,2025-07-10,67,21,7,2855
558,2025-07-11,58,333,2,3864
559,2025-07-12,66,269,2,3316
560,2025-07-13,39,59,6,831
561,2025-07-14,66,256,1,1404
562,2025-07-15,61,115,7,315
563,2025-07-16,82,133,1,3652
564,2025-07-17,6,338,6,4619
565,2025-07-18,53,487,3,867
566,2025-07-19,60,436,5,3822
567,2025-07-20,36,81,1,2927
568,2025-07-21,32,425,4,2447
569,2025-07-22,80,131,3,4008
570,2025-07-23,53,207,8,1539
571,2025-07-24,52,20,6,926
572,2025-07-25,65,117,4,627
573,2025-07-26,50,252,8,1668
574,2025-07-27,19,421,3,2350
575,2025-07-28,29,190,9,2625
576,2025-07-29,94,492,1,4481
577,2025-07-30,48,233,2,1357
578,2025-07-31,41,346,7,3900
579,2025-08-01,40,82,6,457
580,2025-08-02,83,142,1,961
581,2025-08-03,95,222,2,705
582,2025-08-04,43,228,4,616
583,2025-08-05,61,123,6,1772
584,2025-08-06,79,266,7,1468
585,2025-08-07,83,125,9,1622
586,2025-08-08,15,484,4,1555
587,2025-08-09,71,210,9,671
588,2025-08-10,30,123,1,4412
589,2025-08-11,66,131,4,3497
590,2025-08-12,100,254,2,866
591,2025-08-13,89,137,1,2505
592,2025-08-14,2,41,6,1506
593,2025-08-15,5,216,5,3441
594,2025-08-16,16,292,1,2414
595,2025-08-17,78,353,3,4368
596,2025-08-18,81,10,6,2146
597,2025-08-19,49,91,9,1658
598,2025-08-20,33,464,6,2743
599,2025-08-21,13,336,3,2642
600,2025-08-22,3,100,2,3041
601,2025-08-23,97,408,3,4086
602,2025-08-24,48,168,7,4677
603,2025-08-25,31,407,9,1038
604,2025-08-26,60,212,4,1114
605,2025-08-27,98,332,4,2900
606,2025-08-28,27,370,2,1246
607,2025-08-29,29,18,8,4902
608,2025-08-30,97,493,6,3989
609,2025-08-31,25,294,8,400
610,2025-09-01,83,320,8,1791
611,2025-09-02,60,43,3,4566
612,2025-09-03,79,238,1,4824
613,2025-09-04,20,371,3,1906
614,2025-09-05,12,7,6,2254
615,2025-09-06,47,86,8,1311
616,2025-09-07,67,349,2,2869
617,2025-09-08,18,165,1,2117
618,2025-09-09,49,459,1,4698
619,2025-09-10,22,457,9,4078
620,2025-09-11,22,30,4,1909
621,2025-09-12,15,481,7,3453
622,2025-09-13,7,142,7,3581
623,2025-09-14,56,13,3,1311
624,2025-09-15,45,41,2,4127
625,2025-09-16,71,413,3,4746
626,2025-09-17,65,47,3,1553
627,2025-09-18,8,411,9,4371
628,2025-09-19,77,444,9,2684
629,2025-09-20,28,96,9,1934
630,2025-09-21,47,419,6,3735
631,2025-09-22,52,108,1,929
632,2025-09-23,12,390,3,4837
633,2025-09-24,28,209,1,934
634,2025-09-25,55,267,5,4011
635,2025-09-26,25,247,4,3199
636,2025-09-27,45,33,3,3983
637,2025-09-28,46,321,1,3963
638,2025-09-29,47,326,1,905
639,2025-09-30,14,363,9,1229
640,2025-10-01,68,311,9,767
641,2025-10-02,41,24,3,410
642,2025-10-03,93,6,1,3877
643,2025-10-04,90,498,4,3364
644,2025-10-05,47,358,9,3837
645,2025-10-06,46,459,3,4263
646,2025-10-07,65,261,9,3792
647,2025-10-08,7,325,2,3983
648,2025-10-09,24,166,3,414
649,2025-10-10,100,40,1,2761
650,2025-10-11,80,316,6,271
651,2025-10-12,32,130,9,1038
652,2025-10-13,73,118,3,3271
653,2025-10-14,23,457,4,420
654,2025-10-15,92,217,8,4145
655,2025-10-16,35,420,8,3504
656,2025-10-17,7,403,5,4526
657,2025-10-18,92,190,8,1230
658,2025-10-19,70,468,8,761
659,2025-10-20,48,371,3,2279
660,2025-10-21,63,249,6,1048
661,2025-10-22,86,135,9,2400
662,2025-10-23,64,49,4,1438
663,2025-10-24,61,238,4,3185
664,2025-10-25,52,415,5,1890
665,2025-10-26,49,303,3,2614
666,2025-10-27,78,354,6,3590
667,2025-10-28,81,361,6,3804
668,2025-10-29,12,162,3,956
669,2025-10-30,8,294,6,2014
670,2025-10-31,60,84,6,4074
671,2025-11-01,75,447,9,1009
672,2025-11-02,67,158,3,434
673,2025-11-03,33,333,5,4333
674,2025-11-04,79,134,8,991
675,2025-11-05,100,101,8,1948
676,2025-11-06,27,276,7,3125
677,2025-11-07,58,382,9,1898
678,2025-11-08,61,477,8,4750
679,2025-11-09,24,461,3,4679
680,2025-11-10,88,412,9,4623
681,2025-11-11,99,202,5,3983
682,2025-11-12,12,133,4,4874
683,2025-11-13,82,498,7,3463
684,2025-11-14,18,298,9,2913
685,2025-11-15,7,311,2,260
686,2025-11-16,45,479,3,1855
687,2025-11-17,77,234,7,984
688,2025-11-18,68,336,1,2227
689,2025-11-19,80,20,1,2811
690,2025-11-20,92,88,1,3603
691,2025-11-21,73,483,5,1067
692,2025-11-22,8,488,6,3449
693,2025-11-23,24,300,4,4786
694,2025-11-24,2,160,5,1912
695,2025-11-25,75,453,2,3606
696,2025-11-26,46,159,1,2026
697,2025-11-27,93,103,7,2920
698,2025-11-28,26,358,8,2726
699,2025-11-29,24,419,5,1835
700,2025-11-30,99,145,2,354
701,2025-12-01,82,469,4,3212
702,2025-12-02,74,42,6,2611
703,2025-12-03,14,59,2,2016
704,2025-12-04,32,118,4,311
705,2025-12-05,31,247,7,2193
706,2025-12-06,53,433,3,3615
707,2025-12-07,5,266,8,1369
708,2025-12-08,20,440,3,2415
709,2025-12-09,38,356,3,628
710,2025-12-10,10,403,5,4850
711,2025-12-11,23,55,8,4023
712,2025-12-12,17,107,8,2695
713,2025-12-13,71,443,9,998
714,2025-12-14,20,237,8,1249
715,2025-12-15,43,367,5,4557
716,2025-12-16,40,75,1,1666
717,2025-12-17,40,120,7,2798
718,2025-12-18,24,97,4,4487
719,2025-12-19,61,38,1,2885
720,2025-12-20,99,381,3,885
721,2025-12-21,81,169,9,792
722,2025-12-22,38,397,1,4685
723,2025-12-23,80,200,7,4021
724,2025-12-24,94,140,3,4587
725,2025-12-25,88,99,5,1153
726,2025-12-26,77,444,9,2037
727,2025-12-27,59,43,4,4020
728,2025-12-28,76,79,7,4745
729,2025-12-29,10,384,7,590
730,2025-12-30,76,176,1,3027
731,2025-12-31,61,343,6,4086
732,2026-01-01,15,245,4,583
733,2026-01-02,96,329,3,2798
734,2026-01-03,81,336,7,4187
735,2026-01-04,63,398,4,4941
736,2026-01-05,100,24,7,592
737,2026-01-06,57,22,7,4341
738,2026-01-07,81,184,7,3441
739,2026-01-08,42,149,3,1066
740,2026-01-09,45,328,3,2147
741,2026-01-10,52,5,4,4282
742,2026-01-11,80,233,7,1230
743,2026-01-12,46,300,8,357
744,2026-01-13,13,88,8,4445
745,2026-01-14,1,270,1,1491
746,2026-01-15,2,443,8,2900
747,2026-01-16,12,47,6,3400
748,2026-01-17,40,34,2,2018
749,2026-01-18,94,87,6,1514
750,2026-01-19,70,154,6,211
751,2026-01-20,69,275,2,1059
752,2026-01-21,58,252,9,1989
753,2026-01-22,62,483,9,826
754,2026-01-23,34,38,8,1637
755,2026-01-24,90,429,4,220
756,2026-01-25,96,437,1,2071
757,2026-01-26,27,80,2,2260
758,2026-01-27,94,59,9,461
759,2026-01-28,24,341,3,1970
760,2026-01-29,73,482,9,481
761,2026-01-30,26,409,3,2868
762,2026-01-31,8,451,6,4456
763,2026-02-01,85,477,1,4526
764,2026-02-02,11,106,3,1516
765,2026-02-03,68,251,4,277
766,2026-02-04,34,23,8,3425
767,2026-02-05,73,125,2,4155
768,2026-02-06,53,123,4,909
769,2026-02-07,24,67,1,2988
770,2026-02-08,95,261,1,2217
771,2026-02-09,47,208,7,2258
772,2026-02-10,8,195,3,256
773,2026-02-11,21,180,4,817
774,2026-02-12,13,196,9,2235
775,2026-02-13,32,364,6,3439
776,2026-02-14,93,93,2,702
777,2026-02-15,98,299,4,3764
778,2026-02-16,35,402,2,3731
779,2026-02-17,5,114,1,4997
780,2026-02-18,51,193,7,3352
781,2026-02-19,86,32,8,4223
782,2026-02-20,13,475,9,4565
783,2026-02-21,9,398,1,2364
784,2026-02-22,86,64,3,4623
785,2026-02-23,73,261,2,2700
786,2026-02-24,43,156,5,4976
787,2026-02-25,31,95,9,3807
788,2026-02-26,59,189,9,2440
789,2026-02-27,99,95,6,2329
790,2026-02-28,67,429,2,3330
791,2026-03-01,10,394,5,4221
792,2026-03-02,47,198,7,4215
793,2026-03-03,46,326,6,3302
794,2026-03-04,99,380,6,2720
795,2026-03-05,64,418,1,755
796,2026-03-06,36,400,7,4923
797,2026-03-07,72,284,7,2982
798,2026-03-08,46,376,1,4567
799,2026-03-09,40,32,6,1430
800,2026-03-10,58,210,1,573
801,2026-03-11,24,29,9,4295
802,2026-03-12,63,415,7,2050
803,2026-03-13,8,256,3,1511
804,2026-03-14,38,280,1,975
805,2026-03-15,33,355,8,1538
806,2026-03-16,70,399,6,2593
807,2026-03-17,18,105,8,415
808,2026-03-18,33,375,4,4978
809,2026-03-19,23,361,4,2234
810,2026-03-20,6,265,5,856
811,2026-03-21,20,365,4,398
812,2026-03-22,54,326,2,1137
813,2026-03-23,57,143,7,3283
814,2026-03-24,90,255,1,3739
815,2026-03-25,65,82,3,4778
816,2026-03-26,58,402,3,3513
817,2026-03-27,4,189,3,3014
818,2026-03-28,100,25,9,1264
819,2026-03-29,39,94,4,3937
820,2026-03-30,65,477,1,1793
821,2026-03-31,53,366,8,3475
822,2026-04-01,95,69,6,1387
823,2026-04-02,90,18,6,1721
824,2026-04-03,47,126,3,3565
825,2026-04-04,38,40,7,4510
826,2026-04-05,59,142,4,4281
827,2026-04-06,41,182,6,2022
828,2026-04-07,70,439,2,584
829,2026-04-08,18,107,5,4345
830,2026-04-09,64,127,9,558
831,2026-04-10,84,246,4,1221
832,2026-04-11,28,360,1,3900
833,2026-04-12,57,372,8,1208
834,2026-04-13,93,274,2,974
835,2026-04-14,82,210,1,4947
836,2026-04-15,18,61,2,1604
837,2026-04-16,50,475,7,549
838,2026-04-17,96,84,3,1703
839,2026-04-18,14,115,9,4568
840,2026-04-19,13,174,3,3492
841,2026-04-20,96,39,1,3654
842,2026-04-21,87,404,7,2029
843,2026-04-22,33,383,7,2476
844,2026-04-23,18,444,3,3089
845,2026-04-24,28,436,1,1290
846,2026-04-25,68,403,6,379
847,2026-04-26,94,98,8,2649
848,2026-04-27,37,492,5,833
849,2026-04-28,68,364,6,2252
850,2026-04-29,27,159,2,1475
851,2026-04-30,80,404,8,3177
852,2026-05-01,70,148,8,3250
853,2026-05-02,57,415,1,2389
854,2026-05-03,42,156,8,1243
855,2026-05-04,4,235,1,874
856,2026-05-05,36,131,4,733
857,2026-05-06,5,202,2,4730
858,2026-05-07,20,392,2,3105
859,2026-05-08,64,340,5,2405
860,2026-05-09,89,370,9,2170
861,2026-05-10,37,51,3,2884
862,2026-05-11,68,342,1,2927
863,2026-05-12,55,215,1,4860
864,2026-05-13,40,84,8,4091
865,2026-05-14,28,50,8,3915
866,2026-05-15,42,330,8,3438
867,2026-05-16,18,422,6,2562
868,2026-05-17,22,13,4,3434
869,2026-05-18,42,489,6,4570
870,2026-05-19,68,204,4,4612
871,2026-05-20,20,414,8,1692
872,2026-05-21,92,281,9,2581
873,2026-05-22,35,98,3,3883
874,2026-05-23,61,440,1,4122
875,2026-05-24,75,139,9,2270
876,2026-05-25,1,68,5,1322
877,2026-05-26,58,61,3,2257
878,2026-05-27,88,260,9,1014
879,2026-05-28,57,100,3,602
880,2026-05-29,4,129,6,4577
881,2026-05-30,72,385,5,4469
882,2026-05-31,13,248,4,1022
883,2026-06-01,27,301,5,2295
884,2026-06-02,5,194,4,1246
885,2026-06-03,54,491,1,520
886,2026-06-04,22,440,8,2117
887,2026-06-05,52,141,1,4479
888,2026-06-06,53,327,7,1801
889,2026-06-07,57,246,4,3832
890,2026-06-08,61,72,7,627
891,2026-06-09,44,358,9,3758
892,2026-06-10,47,457,3,3973
893,2026-06-11,82,240,7,410
894,2026-06-12,50,444,5,1877
895,2026-06-13,40,19,8,1527
896,2026-06-14,18,307,7,998
897,2026-06-15,48,41,9,3584
898,2026-06-16,49,393,1,712
899,2026-06-17,25,416,7,2484
900,2026-06-18,6,365,1,969
901,2026-06-19,5,465,7,2584
902,2026-06-20,57,269,6,470
903,2026-06-21,67,460,4,843
904,2026-06-22,29,417,4,2803
905,2026-06-23,57,485,8,1263
906,2026-06-24,61,20,9,1331
907,2026-06-25,47,29,1,3688
908,2026-06-26,54,36,4,4593
909,2026-06-27,38,46,7,3249
910,2026-06-28,47,8,8,2612
911,2026-06-29,81,227,2,512
912,2026-06-30,21,276,7,4255
913,2026-07-01,98,139,2,2752
914,2026-07-02,1,32,3,4674
915,2026-07-03,34,414,9,3678
916,2026-07-04,3,476,1,4945
917,2026-07-05,68,68,6,3284
918,2026-07-06,58,145,4,3873
919,2026-07-07,69,64,3,4689
920,2026-07-08,48,396,6,1006
921,2026-07-09,22,442,4,4680
922,2026-07-10,29,299,7,3009
923,2026-07-11,50,121,2,1551
924,2026-07-12,60,304,3,3342
925,2026-07-13,62,71,9,4064
926,2026-07-14,17,236,8,3876
927,2026-07-15,29,196,2,4314
928,2026-07-16,44,138,8,1282
929,2026-07-17,32,372,9,1729
930,2026-07-18,100,355,8,2703
931,2026-07-19,98,435,2,4999
932,2026-07-20,55,433,9,3099
933,2026-07-21,72,100,2,2261
934,2026-07-22,1,119,5,4873
935,2026-07-23,63,36,8,4702
936,2026-07-24,35,462,8,403
937,2026-07-25,97,405,9,3092
938,2026-07-26,50,369,5,2217
939,2026-07-27,55,281,1,953
940,2026-07-28,22,415,3,455
941,2026-07-29,94,123,7,2971
942,2026-07-30,50,89,1,1316
943,2026-07-31,68,35,4,1651
944,2026-08-01,85,243,5,2610
945,2026-08-02,80,295,3,2856
946,2026-08-03,7,279,5,2716
947,2026-08-04,95,405,5,2854
948,2026-08-05,61,184,2,3027
949,2026-08-06,96,99,5,3213
950,2026-08-07,17,303,5,3338
951,2026-08-08,45,369,3,4020
952,2026-08-09,21,8,2,1389
953,2026-08-10,88,416,8,4043
954,2026-08-11,25,28,2,3510
955,2026-08-12,91,403,2,2799
956,2026-08-13,23,442,5,2670
957,2026-08-14,70,253,6,2787
958,2026-08-15,72,334,7,3603
959,2026-08-16,3,268,4,1519
960,2026-08-17,35,230,5,1608
961,2026-08-18,88,30,1,4444
962,2026-08-19,80,157,7,2322
963,2026-08-20,8,61,5,1061
964,2026-08-21,44,400,6,1069
965,2026-08-22,61,317,3,1473
966,2026-08-23,89,384,3,1253
967,2026-08-24,1,361,4,2344
968,2026-08-25,31,135,9,3823
969,2026-08-26,54,192,3,4654
970,2026-08-27,61,222,7,2631
971,2026-08-28,87,4,3,3054
972,2026-08-29,93,148,9,3817
973,2026-08-30,86,53,3,3567
974,2026-08-31,31,99,4,412
975,2026-09-01,98,104,7,3371
976,2026-09-02,12,113,3,4709
977,2026-09-03,7,361,7,2971
978,2026-09-04,98,247,4,2382
979,2026-09-05,35,113,1,829
980,2026-09-06,96,224,2,1476
981,2026-09-07,75,429,5,4490
982,2026-09-08,43,401,5,2350
983,2026-09-09,70,335,5,490
984,2026-09-10,81,118,1,2884
985,2026-09-11,79,94,5,4322
986,2026-09-12,85,142,6,1858
987,2026-09-13,45,453,4,1384
988,2026-09-14,38,269,1,2356
989,2026-09-15,42,68,4,834
990,2026-09-16,22,415,6,1834
991,2026-09-17,69,466,3,4490
992,2026-09-18,94,344,4,3734
993,2026-09-19,80,63,6,911
994,2026-09-20,30,388,6,4434
995,2026-09-21,34,267,8,3030
996,2026-09-22,10,392,2,2966
997,2026-09-23,39,428,9,3895
998,2026-09-24,100,66,9,4307
999,2026-09-25,90,147,5,1374
1000,2026-09-26,5,460,1,1536
1001,2026-09-27,3,398,8,4160
1002,2026-09-28,56,313,4,240
1003,2026-09-29,63,102,7,870
1004,2026-09-30,87,345,9,3256
1005,2026-10-01,83,336,8,1753
1006,2026-10-02,52,346,4,1789
1007,2026-10-03,61,167,8,2968
1008,2026-10-04,58,484,1,1199
1009,2026-10-05,22,91,7,1260
1010,2026-10-06,60,458,6,1417
1011,2026-10-07,15,22,8,2848
1012,2026-10-08,49,94,5,1608
1013,2026-10-09,90,359,1,3971
1014,2026-10-10,96,253,1,878
1015,2026-10-11,82,33,4,1096
1016,2026-10-12,19,384,3,4401
1017,2026-10-13,27,97,2,1171
1018,2026-10-14,6,297,7,354
1019,2026-10-15,2,112,6,4087
1020,2026-10-16,35,63,1,4357
1021,2026-10-17,27,68,8,4784
1022,2026-10-18,26,32,7,545
1023,2026-10-19,5,41,2,1471
1024,2026-10-20,63,383,5,1259
1025,2026-10-21,78,321,2,4326
1026,2026-10-22,65,95,4,4975
1027,2026-10-23,80,131,8,3128
1028,2026-10-24,73,95,2,1797
1029,2026-10-25,66,168,7,4071
1030,2026-10-26,60,239,6,3209
1031,2026-10-27,73,264,5,4594
1032,2026-10-28,5,498,7,425
1033,2026-10-29,82,468,7,4509
1034,2026-10-30,81,407,4,2999
1035,2026-10-31,47,137,6,2020
1036,2026-11-01,21,496,9,3405
1037,2026-11-02,87,318,1,4800
1038,2026-11-03,19,105,6,3439
1039,2026-11-04,2,429,1,4108
1040,2026-11-05,71,220,5,4349
1041,2026-11-06,70,183,7,1050
1042,2026-11-07,82,344,1,2737
1043,2026-11-08,65,189,9,4139
1044,2026-11-09,11,47,3,2335
1045,2026-11-10,63,133,6,3688
1046,2026-11-11,65,292,5,2855
1047,2026-11-12,88,443,7,1824
1048,2026-11-13,66,26,3,912
1049,2026-11-14,12,141,3,2395
1050,2026-11-15,73,457,1,1256
1051,2026-11-16,94,358,4,2453
1052,2026-11-17,73,206,4,958
1053,2026-11-18,1,111,6,3739
1054,2026-11-19,22,254,7,4449
1055,2026-11-20,86,121,3,1609
1056,2026-11-21,38,229,4,1976
1057,2026-11-22,56,271,3,675
1058,2026-11-23,32,55,1,1622
1059,2026-11-24,65,132,6,975
1060,2026-11-25,87,85,7,3833
1061,2026-11-26,70,109,5,842
1062,2026-11-27,51,47,1,1362
1063,2026-11-28,19,200,3,4329
1064,2026-11-29,96,236,2,2324
1065,2026-11-30,34,122,5,345
1066,2026-12-01,96,449,2,1120
1067,2026-12-02,92,25,2,209
1068,2026-12-03,42,65,2,631
1069,2026-12-04,54,306,7,2132
1070,2026-12-05,7,282,1,4534
1071,2026-12-06,81,30,5,3221
1072,2026-12-07,8,290,9,1586
1073,2026-12-08,70,293,4,2317
1074,2026-12-09,38,341,8,3844
1075,2026-12-10,9,423,8,4078
1076,2026-12-11,9,98,7,2105
1077,2026-12-12,2,71,4,1470
1078,2026-12-13,34,194,6,4095
1079,2026-12-14,7,5,8,1180
1080,2026-12-15,69,25,9,3578
1081,2026-12-16,49,244,6,1622
1082,2026-12-17,31,497,1,1485
1083,2026-12-18,46,423,5,4259
1084,2026-12-19,82,205,8,4010
1085,2026-12-20,91,201,7,290
1086,2026-12-21,44,197,7,3314
1087,2026-12-22,36,241,2,1404
1088,2026-12-23,96,110,6,509
1089,2026-12-24,98,410,8,1167
1090,2026-12-25,75,333,1,245
1091,2026-12-26,28,426,2,4056
1092,2026-12-27,21,341,2,1107
1093,2026-12-28,62,186,3,579
1094,2026-12-29,84,140,8,1002
1095,2026-12-30,63,129,1,899
1096,2026-12-31,68,6,9,4110
1097,2027-01-01,37,291,4,1492
1098,2027-01-02,68,455,9,1141
1099,2027-01-03,71,301,4,1874
1100,2027-01-04,65,441,6,3669
1101,2027-01-05,55,209,9,3758
1102,2027-01-06,67,61,7,3473
1103,2027-01-07,49,424,5,1903
1104,2027-01-08,46,20,4,2492
1105,2027-01-09,98,379,9,245
1106,2027-01-10,13,360,9,1158
1107,2027-01-11,35,92,1,3013
1108,2027-01-12,100,236,6,2037
1109,2027-01-13,53,294,2,4332
1110,2027-01-14,15,65,3,2408
1111,2027-01-15,56,115,7,3355
1112,2027-01-16,18,156,7,1275
1113,2027-01-17,37,275,3,3012
1114,2027-01-18,30,117,7,3612
1115,2027-01-19,81,165,9,4051
1116,2027-01-20,40,47,3,1964
1117,2027-01-21,4,379,1,4394
1118,2027-01-22,95,196,6,2725
1119,2027-01-23,88,417,7,2251
1120,2027-01-24,66,65,6,369
1121,2027-01-25,94,95,2,4733
1122,2027-01-26,79,301,5,4962
1123,2027-01-27,18,154,2,4201
1124,2027-01-28,64,105,8,1253
1125,2027-01-29,8,455,8,3182
1126,2027-01-30,84,38,3,2691
1127,2027-01-31,99,464,6,2747
1128,2027-02-01,47,226,8,3298
1129,2027-02-02,2,487,4,3669
1130,2027-02-03,14,336,5,4120
1131,2027-02-04,93,81,3,3866
1132,2027-02-05,97,152,6,1960
1133,2027-02-06,19,425,7,3147
1134,2027-02-07,51,370,6,699
1135,2027-02-08,32,122,9,2059
1136,2027-02-09,45,482,3,773
1137,2027-02-10,32,107,8,618
1138,2027-02-11,90,499,8,1733
1139,2027-02-12,91,331,9,1029
1140,2027-02-13,2,327,9,1188
1141,2027-02-14,9,149,7,1013
1142,2027-02-15,13,61,2,1107
1143,2027-02-16,76,320,7,654
1144,2027-02-17,56,177,6,3530
1145,2027-02-18,39,297,2,560
1146,2027-02-19,34,294,3,2228
1147,2027-02-20,94,334,1,4501
1148,2027-02-21,47,108,3,3737
1149,2027-02-22,47,447,1,1299
1150,2027-02-23,18,264,5,3049
1151,2027-02-24,24,213,6,3896
1152,2027-02-25,35,272,8,1492
1153,2027-02-26,75,285,7,4293
1154,2027-02-27,94,23,3,4727
1155,2027-02-28,62,365,5,4799
1156,2027-03-01,97,341,4,4799
1157,2027-03-02,17,269,6,1259
1158,2027-03-03,9,192,1,1408
1159,2027-03-04,62,1,2,3399
1160,2027-03-05,81,277,3,505
1161,2027-03-06,34,38,6,3467
1162,2027-03-07,91,488,8,1637
1163,2027-03-08,40,491,7,3038
1164,2027-03-09,65,384,1,3514
1165,2027-03-10,44,348,6,1295
1166,2027-03-11,93,290,9,718
1167,2027-03-12,55,426,2,3334
1168,2027-03-13,52,457,4,708
1169,2027-03-14,20,254,4,277
1170,2027-03-15,7,199,6,1088
1171,2027-03-16,21,347,7,3669
1172,2027-03-17,33,294,2,747
1173,2027-03-18,40,416,9,1108
1174,2027-03-19,91,40,5,710
1175,2027-03-20,36,444,7,1341
1176,2027-03-21,32,153,8,884
1177,2027-03-22,86,193,2,1443
1178,2027-03-23,67,498,8,4821
1179,2027-03-24,9,208,1,1901
1180,2027-03-25,57,433,4,1407
1181,2027-03-26,35,234,9,1769
1182,2027-03-27,81,117,1,2146
1183,2027-03-28,88,490,7,3141
1184,2027-03-29,19,393,2,3496
1185,2027-03-30,51,275,8,3666
1186,2027-03-31,39,229,1,2248
1187,2027-04-01,68,12,9,1016
1188,2027-04-02,27,65,9,4475
1189,2027-04-03,69,416,2,1487
1190,2027-04-04,27,315,8,3190
1191,2027-04-05,78,1,9,699
1192,2027-04-06,65,4,2,4615
1193,2027-04-07,55,348,6,637
1194,2027-04-08,25,432,6,1499
1195,2027-04-09,87,288,9,1390
1196,2027-04-10,19,435,8,4864
1197,2027-04-11,94,422,3,4235
1198,2027-04-12,72,171,1,2790
1199,2027-04-13,97,231,7,3691
1200,2027-04-14,68,373,5,4869
1201,2027-04-15,84,415,1,3964
1202,2027-04-16,16,252,2,1057
1203,2027-04-17,68,36,6,2950
1204,2027-04-18,18,437,8,4859
1205,2027-04-19,46,306,4,1526
1206,2027-04-20,76,271,6,1181
1207,2027-04-21,98,247,4,1605
1208,2027-04-22,46,109,3,294
1209,2027-04-23,91,131,1,1616
1210,2027-04-24,67,176,7,326
1211,2027-04-25,49,391,7,3926
1212,2027-04-26,100,233,9,1766
1213,2027-04-27,2,30,9,3570
1214,2027-04-28,42,155,6,578
1215,2027-04-29,57,473,9,3189
1216,2027-04-30,41,247,7,1041
1217,2027-05-01,71,302,5,4161
1218,2027-05-02,95,339,7,4962
1219,2027-05-03,5,281,8,1246
1220,2027-05-04,44,9,2,3114
1221,2027-05-05,84,387,5,3691
1222,2027-05-06,100,157,8,3717
1223,2027-05-07,36,402,1,3541
1224,2027-05-08,67,348,4,3942
1225,2027-05-09,80,483,6,4714
1226,2027-05-10,74,93,4,714
1227,2027-05-11,10,430,6,709
1228,2027-05-12,75,445,8,2310
1229,2027-05-13,97,466,3,3287
1230,2027-05-14,97,360,1,629
1231,2027-05-15,65,140,2,3479
1232,2027-05-16,6,350,6,3470
1233,2027-05-17,12,108,4,1368
1234,2027-05-18,32,484,2,3738
1235,2027-05-19,66,164,6,481
1236,2027-05-20,85,169,1,4919
1237,2027-05-21,56,140,9,4279
1238,2027-05-22,2,5,3,3751
1239,2027-05-23,8,405,7,3441
1240,2027-05-24,26,400,2,1714
1241,2027-05-25,56,18,3,1511
1242,2027-05-26,39,276,3,1787
1243,2027-05-27,91,133,7,3723
1244,2027-05-28,87,310,2,4065
1245,2027-05-29,61,402,7,4235
1246,2027-05-30,100,130,3,3342
1247,2027-05-31,30,127,3,1782
1248,2027-06-01,31,3,8,625
1249,2027-06-02,20,418,9,2126
1250,2027-06-03,90,230,7,2519
1251,2027-06-04,46,264,8,1894
1252,2027-06-05,83,94,6,4941
1253,2027-06-06,8,406,6,1527
1254,2027-06-07,59,212,9,2489
1255,2027-06-08,66,106,7,2405
1256,2027-06-09,21,13,2,324
1257,2027-06-10,65,171,8,4038
1258,2027-06-11,48,430,4,2727
1259,2027-06-12,47,395,7,3797
1260,2027-06-13,28,140,6,2321
1261,2027-06-14,78,291,3,4689
1262,2027-06-15,44,122,6,817
1263,2027-06-16,28,290,3,3118
1264,2027-06-17,39,231,5,2744
1265,2027-06-18,72,78,4,3373
1266,2027-06-19,94,420,2,552
1267,2027-06-20,94,303,3,3581
1268,2027-06-21,47,57,1,1393
1269,2027-06-22,43,221,9,3517
1270,2027-06-23,62,103,4,4204
1271,2027-06-24,54,336,1,1760
1272,2027-06-25,21,101,3,4464
1273,2027-06-26,44,437,5,3887
1274,2027-06-27,82,59,7,4822
1275,2027-06-28,52,178,4,2816
1276,2027-06-29,81,73,2,4615
1277,2027-06-30,65,70,1,2446
1278,2027-07-01,52,146,9,2737
1279,2027-07-02,66,36,7,972
1280,2027-07-03,54,281,2,2448
1281,2027-07-04,17,7,7,3712
1282,2027-07-05,60,33,5,4341
1283,2027-07-06,93,24,3,3720
1284,2027-07-07,94,37,1,3897
1285,2027-07-08,4,386,2,4422
1286,2027-07-09,36,276,1,4135
1287,2027-07-10,66,72,4,733
1288,2027-07-11,48,387,7,4147
1289,2027-07-12,36,456,9,1150
1290,2027-07-13,31,460,8,4929
1291,2027-07-14,98,87,1,2113
1292,2027-07-15,7,232,8,1381
1293,2027-07-16,80,311,3,4764
1294,2027-07-17,66,315,4,1018
1295,2027-07-18,27,484,7,330
1296,2027-07-19,54,380,1,4903
1297,2027-07-20,80,348,8,3486
1298,2027-07-21,82,246,4,1274
1299,2027-07-22,6,75,9,1746
1300,2027-07-23,71,204,5,1614
1301,2027-07-24,71,350,6,1094
1302,2027-07-25,64,286,6,2462
1303,2027-07-26,33,426,5,3552
1304,2027-07-27,100,490,6,4333
1305,2027-07-28,8,214,8,1718
1306,2027-07-29,81,158,9,1706
1307,2027-07-30,39,309,5,1212
1308,2027-07-31,68,81,3,2710
1309,2027-08-01,70,132,7,4952
1310,2027-08-02,41,207,1,3209
1311,2027-08-03,54,11,9,306
1312,2027-08-04,79,170,4,2584
1313,2027-08-05,49,309,5,2577
1314,2027-08-06,75,26,3,834
1315,2027-08-07,98,201,3,1667
1316,2027-08-08,15,315,9,1540
1317,2027-08-09,100,470,3,3744
1318,2027-08-10,35,305,1,2851
1319,2027-08-11,13,333,3,4490
1320,2027-08-12,77,430,2,4125
1321,2027-08-13,71,361,2,378
1322,2027-08-14,12,471,6,2573
1323,2027-08-15,21,336,4,866
1324,2027-08-16,12,272,9,3441
1325,2027-08-17,47,289,2,3609
1326,2027-08-18,82,135,5,2176
1327,2027-08-19,57,192,4,4139
1328,2027-08-20,4,468,8,4405
1329,2027-08-21,74,14,5,303
1330,2027-08-22,10,382,5,4632
1331,2027-08-23,86,412,6,2741
1332,2027-08-24,21,19,3,1557
1333,2027-08-25,59,13,9,1537
1334,2027-08-26,58,482,3,3853
1335,2027-08-27,1,352,6,3852
1336,2027-08-28,3,354,7,1163
1337,2027-08-29,30,306,7,2422
1338,2027-08-30,88,306,6,2082
1339,2027-08-31,72,359,7,1661
1340,2027-09-01,2,275,5,1188
1341,2027-09-02,73,276,3,3196
1342,2027-09-03,8,193,2,3041
1343,2027-09-04,82,430,5,3129
1344,2027-09-05,22,281,5,3012
1345,2027-09-06,34,65,4,1247
1346,2027-09-07,58,389,5,1376
1347,2027-09-08,13,55,9,4540
1348,2027-09-09,75,219,5,1512
1349,2027-09-10,68,462,2,869
1350,2027-09-11,38,469,3,3643
1351,2027-09-12,22,187,1,3662
1352,2027-09-13,99,256,5,603
1353,2027-09-14,64,25,7,1795
1354,2027-09-15,40,358,8,3333
1355,2027-09-16,39,130,9,3456
1356,2027-09-17,71,297,9,4853
1357,2027-09-18,53,249,4,2846
1358,2027-09-19,2,311,8,888
1359,2027-09-20,30,80,8,833
1360,2027-09-21,29,278,6,4653
1361,2027-09-22,66,367,2,971
1362,2027-09-23,80,121,7,4255
1363,2027-09-24,97,470,2,2968
1364,2027-09-25,81,89,5,1625
1365,2027-09-26,38,415,9,2067
1366,2027-09-27,31,157,7,3658
1367,2027-09-28,38,115,3,4409
1368,2027-09-29,18,230,8,1198
1369,2027-09-30,30,104,7,3537
1370,2027-10-01,75,250,9,1360
1371,2027-10-02,23,305,2,4057
1372,2027-10-03,69,100,7,4865
1373,2027-10-04,32,304,1,3160
1374,2027-10-05,84,311,4,2176
1375,2027-10-06,98,305,8,596
1376,2027-10-07,7,5,9,952
1377,2027-10-08,93,444,9,1012
1378,2027-10-09,1,373,7,267
1379,2027-10-10,47,278,1,1562
1380,2027-10-11,79,188,6,2568
1381,2027-10-12,1,292,7,4985
1382,2027-10-13,98,2,7,1862
1383,2027-10-14,17,281,5,1587
1384,2027-10-15,33,64,6,2746
1385,2027-10-16,11,370,7,3574
1386,2027-10-17,71,397,8,4140
1387,2027-10-18,40,280,9,1137
1388,2027-10-19,97,356,6,4355
1389,2027-10-20,4,401,2,1039
1390,2027-10-21,25,478,8,4253
1391,2027-10-22,47,327,6,1093
1392,2027-10-23,59,439,2,2032
1393,2027-10-24,60,345,3,4642
1394,2027-10-25,61,36,4,359
1395,2027-10-26,30,170,2,4717
1396,2027-10-27,10,499,7,2175
1397,2027-10-28,26,367,3,4400
1398,2027-10-29,40,106,6,919
1399,2027-10-30,35,384,7,999
1400,2027-10-31,51,115,5,2789
1401,2027-11-01,12,112,1,2497
1402,2027-11-02,52,263,5,239
1403,2027-11-03,98,442,4,3354
1404,2027-11-04,14,495,9,394
1405,2027-11-05,70,454,1,1078
1406,2027-11-06,71,353,2,4922
1407,2027-11-07,33,377,7,1896
1408,2027-11-08,13,50,8,712
1409,2027-11-09,97,236,3,3107
1410,2027-11-10,25,282,2,4139
1411,2027-11-11,36,465,2,4421
1412,2027-11-12,85,439,1,1623
1413,2027-11-13,52,145,7,713
1414,2027-11-14,1,80,5,874
1415,2027-11-15,14,350,3,3252
1416,2027-11-16,78,388,4,3891
1417,2027-11-17,81,336,7,3662
1418,2027-11-18,77,129,5,2994
1419,2027-11-19,95,476,2,2296
1420,2027-11-20,85,274,7,331
1421,2027-11-21,65,487,4,1264
1422,2027-11-22,6,74,9,4163
1423,2027-11-23,59,124,3,4512
1424,2027-11-24,6,452,9,1863
1425,2027-11-25,33,58,5,4313
1426,2027-11-26,11,305,3,1888
1427,2027-11-27,58,428,7,2468
1428,2027-11-28,75,80,7,4313
1429,2027-11-29,69,57,7,2514
1430,2027-11-30,58,350,2,1167
1431,2027-12-01,69,350,5,3868
1432,2027-12-02,14,303,3,1656
1433,2027-12-03,1,27,1,1602
1434,2027-12-04,85,355,2,4895
1435,2027-12-05,64,331,2,856
1436,2027-12-06,25,395,6,3283
1437,2027-12-07,5,12,9,1753
1438,2027-12-08,54,87,4,3848
1439,2027-12-09,73,225,5,1943
1440,2027-12-10,69,106,1,3600
1441,2027-12-11,19,36,5,4852
1442,2027-12-12,70,370,4,2621
1443,2027-12-13,54,429,8,1546
1444,2027-12-14,20,238,3,4043
1445,2027-12-15,11,152,2,2926
1446,2027-12-16,89,16,8,3250
1447,2027-12-17,38,203,8,2894
1448,2027-12-18,53,45,2,3175
1449,2027-12-19,41,298,1,2808
1450,2027-12-20,26,461,6,3547
1451,2027-12-21,97,433,5,265
1452,2027-12-22,51,98,9,1381
1453,2027-12-23,94,132,9,2108
1454,2027-12-24,38,245,2,4836
1455,2027-12-25,28,242,8,885
1456,2027-12-26,11,364,3,3423
1457,2027-12-27,30,480,9,2709
1458,2027-12-28,99,317,8,2025
1459,2027-12-29,30,297,5,213
1460,2027-12-30,30,32,6,1660
1461,2027-12-31,68,454,4,303
1462,2028-01-01,49,405,3,2625
1463,2028-01-02,75,431,6,2387
1464,2028-01-03,87,196,8,3484
1465,2028-01-04,39,106,2,4909
1466,2028-01-05,54,39,2,2013
1467,2028-01-06,19,387,3,4709
1468,2028-01-07,52,264,3,2684
1469,2028-01-08,47,498,9,1245
1470,2028-01-09,15,260,6,4759
1471,2028-01-10,13,120,8,4219
1472,2028-01-11,31,135,8,423
1473,2028-01-12,97,347,3,1791
1474,2028-01-13,55,170,4,2994
1475,2028-01-14,54,263,6,3196
1476,2028-01-15,54,295,3,1191
1477,2028-01-16,83,365,6,460
1478,2028-01-17,4,282,3,2192
1479,2028-01-18,15,329,8,1062
1480,2028-01-19,28,59,1,4616
1481,2028-01-20,31,232,6,4923
1482,2028-01-21,62,384,8,1075
1483,2028-01-22,88,351,2,2807
1484,2028-01-23,34,129,4,4785
1485,2028-01-24,97,496,4,1070
1486,2028-01-25,33,433,5,459
1487,2028-01-26,95,400,5,782
1488,2028-01-27,82,28,1,3056
1489,2028-01-28,66,413,3,1382
1490,2028-01-29,80,200,2,2296
1491,2028-01-30,79,251,5,1932
1492,2028-01-31,90,197,4,2788
1493,2028-02-01,79,107,5,546
1494,2028-02-02,3,250,2,3523
1495,2028-02-03,100,119,8,4739
1496,2028-02-04,66,194,8,1498
1497,2028-02-05,53,298,1,3878
1498,2028-02-06,51,255,9,1176
1499,2028-02-07,39,309,7,3028
1500,2028-02-08,19,449,9,4025
1501,2028-02-09,20,369,4,2658
1502,2028-02-10,64,394,8,2248
1503,2028-02-11,53,102,1,1115
1504,2028-02-12,30,24,1,2849
1505,2028-02-13,25,70,6,3848
1506,2028-02-14,4,198,5,4857
1507,2028-02-15,22,392,3,4225
1508,2028-02-16,29,13,9,3642
1509,2028-02-17,94,134,3,2770
1510,2028-02-18,38,137,2,825
1511,2028-02-19,66,111,1,1678
1512,2028-02-20,11,84,8,2807
1513,2028-02-21,98,446,6,3947
1514,2028-02-22,10,259,1,2197
1515,2028-02-23,97,128,2,471
1516,2028-02-24,99,72,7,3552
1517,2028-02-25,100,136,1,3738
1518,2028-02-26,13,329,8,1901
1519,2028-02-27,28,429,2,4387
1520,2028-02-28,52,124,4,812
1521,2028-02-29,86,37,3,3124
1522,2028-03-01,71,297,9,3282
1523,2028-03-02,10,319,2,3852
1524,2028-03-03,53,351,1,1640
1525,2028-03-04,53,176,9,352
1526,2028-03-05,46,408,7,1555
1527,2028-03-06,82,348,9,310
1528,2028-03-07,85,280,9,1397
1529,2028-03-08,77,71,6,4060
1530,2028-03-09,51,191,4,3488
1531,2028-03-10,63,170,6,1096
1532,2028-03-11,30,169,5,2979
1533,2028-03-12,47,401,8,3892
1534,2028-03-13,48,12,5,4150
1535,2028-03-14,97,474,2,4057
1536,2028-03-15,12,100,2,3515
1537,2028-03-16,52,485,5,2933
1538,2028-03-17,46,102,3,651
1539,2028-03-18,100,405,5,4226
1540,2028-03-19,46,487,5,4115
1541,2028-03-20,12,256,2,3239
1542,2028-03-21,97,154,2,2807
1543,2028-03-22,22,268,7,3813
1544,2028-03-23,72,201,7,1758
1545,2028-03-24,9,328,2,337
1546,2028-03-25,96,63,3,3940
1547,2028-03-26,77,319,2,1062
1548,2028-03-27,57,37,5,1652
1549,2028-03-28,66,152,1,2579
1550,2028-03-29,79,303,9,2282
1551,2028-03-30,53,277,1,2872
1552,2028-03-31,79,159,3,2818
1553,2028-04-01,71,35,1,839
1554,2028-04-02,90,21,5,3251
1555,2028-04-03,9,103,6,4444
1556,2028-04-04,24,240,3,1446
1557,2028-04-05,24,131,3,805
1558,2028-04-06,1,372,1,2936
1559,2028-04-07,84,485,7,4631
1560,2028-04-08,43,430,2,4084
1561,2028-04-09,25,16,2,4788
1562,2028-04-10,85,101,6,4944
1563,2028-04-11,87,444,7,1091
1564,2028-04-12,86,137,6,2769
1565,2028-04-13,42,337,3,3323
1566,2028-04-14,1,251,8,4504
1567,2028-04-15,31,484,8,2355
1568,2028-04-16,57,6,1,1388
1569,2028-04-17,83,329,8,428
1570,2028-04-18,9,183,9,2846
1571,2028-04-19,71,153,6,2605
1572,2028-04-20,90,143,3,2622
1573,2028-04-21,84,476,7,2410
1574,2028-04-22,79,289,6,1873
1575,2028-04-23,10,145,1,2783
1576,2028-04-24,56,411,2,1119
1577,2028-04-25,82,429,4,2822
1578,2028-04-26,4,362,8,3334
1579,2028-04-27,57,446,2,2986
1580,2028-04-28,9,69,5,3193
1581,2028-04-29,74,413,6,1969
1582,2028-04-30,53,439,2,1377
1583,2028-05-01,79,195,1,1584
1584,2028-05-02,28,317,7,2854
1585,2028-05-03,43,118,7,4476
1586,2028-05-04,50,396,2,3392
1587,2028-05-05,14,183,4,3409
1588,2028-05-06,90,107,8,3143
1589,2028-05-07,63,462,5,4496
1590,2028-05-08,12,477,4,4305
1591,2028-05-09,39,143,5,1805
1592,2028-05-10,8,218,8,1434
1593,2028-05-11,37,53,1,2897
1594,2028-05-12,97,407,1,1203
1595,2028-05-13,76,382,5,4400
1596,2028-05-14,65,217,6,3144
1597,2028-05-15,52,472,5,2840
1598,2028-05-16,97,307,5,2339
1599,2028-05-17,18,248,9,2254
1600,2028-05-18,18,35,4,4364
1601,2028-05-19,30,296,7,4503
1602,2028-05-20,70,151,8,2143
1603,2028-05-21,18,375,6,2750
1604,2028-05-22,71,470,7,3040
1605,2028-05-23,95,319,1,1375
1606,2028-05-24,61,226,4,4326
1607,2028-05-25,94,469,7,1677
1608,2028-05-26,29,210,8,3295
1609,2028-05-27,83,147,7,523
1610,2028-05-28,53,250,5,3745
1611,2028-05-29,56,161,4,3127
1612,2028-05-30,82,450,5,1091
1613,2028-05-31,7,439,1,3174
1614,2028-06-01,32,184,3,4858
1615,2028-06-02,36,403,5,2064
1616,2028-06-03,2,460,3,2824
1617,2028-06-04,44,158,5,648
1618,2028-06-05,88,400,3,3885
1619,2028-06-06,25,88,3,862
1620,2028-06-07,52,285,8,4876
1621,2028-06-08,86,79,6,835
1622,2028-06-09,27,91,2,1391
1623,2028-06-10,38,173,9,2177
1624,2028-06-11,59,450,3,399
1625,2028-06-12,82,219,5,3158
1626,2028-06-13,50,351,3,1726
1627,2028-06-14,64,42,6,2096
1628,2028-06-15,9,29,3,3863
1629,2028-06-16,35,422,4,4384
1630,2028-06-17,25,162,7,1601
1631,2028-06-18,6,324,4,1993
1632,2028-06-19,41,219,4,4214
1633,2028-06-20,81,210,1,4965
1634,2028-06-21,44,357,6,1481
1635,2028-06-22,94,242,4,2630
1636,2028-06-23,30,306,1,2433
1637,2028-06-24,49,55,7,3132
1638,2028-06-25,78,69,1,2673
1639,2028-06-26,36,83,6,3903
1640,2028-06-27,86,431,4,3914
1641,2028-06-28,35,39,7,2139
1642,2028-06-29,2,54,1,1186
1643,2028-06-30,83,255,6,4330
1644,2028-07-01,98,403,3,1136
1645,2028-07-02,86,360,7,1439
1646,2028-07-03,39,281,6,1761
1647,2028-07-04,17,464,8,3498
1648,2028-07-05,62,442,3,529
1649,2028-07-06,19,17,3,1234
1650,2028-07-07,59,378,9,696
1651,2028-07-08,45,29,1,4422
1652,2028-07-09,82,244,7,4458
1653,2028-07-10,69,218,7,4852
1654,2028-07-11,70,280,6,1525
1655,2028-07-12,48,456,9,2289
1656,2028-07-13,10,127,7,1659
1657,2028-07-14,51,112,1,3670
1658,2028-07-15,34,129,4,2125
1659,2028-07-16,12,343,1,4245
1660,2028-07-17,63,292,6,782
1661,2028-07-18,48,216,4,907
1662,2028-07-19,1,106,6,2040
1663,2028-07-20,25,327,4,3116
1664,2028-07-21,15,256,4,2354
1665,2028-07-22,3,327,8,3103
1666,2028-07-23,45,472,5,2842
1667,2028-07-24,66,368,5,1644
1668,2028-07-25,78,345,5,4485
1669,2028-07-26,16,360,5,2837
1670,2028-07-27,85,323,4,4461
1671,2028-07-28,79,54,7,4573
1672,2028-07-29,31,235,6,2677
1673,2028-07-30,98,264,7,2342
1674,2028-07-31,82,132,2,3648
1675,2028-08-01,29,84,6,2099
1676,2028-08-02,1,441,4,4808
1677,2028-08-03,20,461,8,4940
1678,2028-08-04,2,40,7,3274
1679,2028-08-05,43,114,4,4691
1680,2028-08-06,25,208,2,207
1681,2028-08-07,28,307,8,4080
1682,2028-08-08,100,458,5,1947
1683,2028-08-09,41,489,2,4829
1684,2028-08-10,77,41,5,4243
1685,2028-08-11,98,402,4,568
1686,2028-08-12,50,33,3,1521
1687,2028-08-13,59,442,3,3810
1688,2028-08-14,21,217,8,4819
1689,2028-08-15,56,300,4,2851
1690,2028-08-16,55,57,8,3856
1691,2028-08-17,43,360,4,395
1692,2028-08-18,17,78,5,1973
1693,2028-08-19,2,390,9,1517
1694,2028-08-20,84,403,1,3233
1695,2028-08-21,70,205,5,4036
1696,2028-08-22,76,356,5,4679
1697,2028-08-23,88,245,8,755
1698,2028-08-24,23,461,9,3883
1699,2028-08-25,25,95,7,1728
1700,2028-08-26,31,151,6,4458
1701,2028-08-27,74,235,2,268
1702,2028-08-28,89,75,2,712
1703,2028-08-29,88,432,4,2385
1704,2028-08-30,55,222,6,2602
1705,2028-08-31,84,320,5,2862
1706,2028-09-01,48,262,8,3547
1707,2028-09-02,68,464,7,885
1708,2028-09-03,42,250,4,3273
1709,2028-09-04,74,86,8,1063
1710,2028-09-05,62,19,1,4755
1711,2028-09-06,89,37,5,827
1712,2028-09-07,52,212,7,2320
1713,2028-09-08,83,146,8,987
1714,2028-09-09,79,474,1,361
1715,2028-09-10,19,351,2,4767
1716,2028-09-11,52,190,7,1453
1717,2028-09-12,19,157,1,1051
1718,2028-09-13,11,499,9,3530
1719,2028-09-14,52,371,4,2201
1720,2028-09-15,2,99,8,4021
1721,2028-09-16,7,303,5,1777
1722,2028-09-17,33,330,8,3791
1723,2028-09-18,52,178,3,3559
1724,2028-09-19,80,384,6,2330
1725,2028-09-20,5,101,4,954
1726,2028-09-21,89,428,1,3606
1727,2028-09-22,3,68,4,1874
1728,2028-09-23,66,236,2,3981
1729,2028-09-24,18,461,7,3329
1730,2028-09-25,17,239,3,870
1731,2028-09-26,34,420,6,2261
1732,2028-09-27,88,329,3,4707
1733,2028-09-28,11,285,5,1158
1734,2028-09-29,2,326,8,1604
1735,2028-09-30,27,224,5,4625
1736,2028-10-01,45,36,2,835
1737,2028-10-02,3,59,6,3609
1738,2028-10-03,28,174,7,818
1739,2028-10-04,73,93,8,466
1740,2028-10-05,98,290,2,4925
1741,2028-10-06,8,499,7,1399
1742,2028-10-07,76,266,5,3518
1743,2028-10-08,55,26,2,3534
1744,2028-10-09,82,431,4,2694
1745,2028-10-10,12,238,2,666
1746,2028-10-11,96,313,7,3381
1747,2028-10-12,67,396,5,1391
1748,2028-10-13,97,218,2,4068
1749,2028-10-14,88,395,8,2751
1750,2028-10-15,51,320,8,4879
1751,2028-10-16,40,423,9,4547
1752,2028-10-17,78,269,9,1465
1753,2028-10-18,79,404,2,4743
1754,2028-10-19,61,116,2,4070
1755,2028-10-20,74,17,7,4982
1756,2028-10-21,41,211,6,3943
1757,2028-10-22,27,360,4,588
1758,2028-10-23,50,486,1,2336
1759,2028-10-24,47,60,9,4396
1760,2028-10-25,86,338,5,4529
1761,2028-10-26,46,30,5,3458
1762,2028-10-27,47,279,4,3805
1763,2028-10-28,99,294,5,4021
1764,2028-10-29,55,173,2,2058
1765,2028-10-30,11,220,7,517
1766,2028-10-31,94,493,9,799
1767,2028-11-01,6,255,8,4580
1768,2028-11-02,36,27,9,2411
1769,2028-11-03,67,324,8,3620
1770,2028-11-04,78,73,6,3970
1771,2028-11-05,95,254,4,3820
1772,2028-11-06,65,170,7,3062
1773,2028-11-07,59,461,6,2814
1774,2028-11-08,78,369,7,2752
1775,2028-11-09,39,417,7,2121
1776,2028-11-10,50,469,8,3862
1777,2028-11-11,27,26,3,923
1778,2028-11-12,88,389,3,4620
1779,2028-11-13,62,310,8,3713
1780,2028-11-14,65,82,5,4242
1781,2028-11-15,50,73,6,2552
1782,2028-11-16,24,75,6,507
1783,2028-11-17,54,97,1,3030
1784,2028-11-18,59,84,3,2276
1785,2028-11-19,8,117,6,840
1786,2028-11-20,42,313,3,4155
1787,2028-11-21,70,314,4,4469
1788,2028-11-22,99,37,3,396
1789,2028-11-23,66,201,1,2809
1790,2028-11-24,6,130,4,4047
1791,2028-11-25,71,46,2,1088
1792,2028-11-26,31,449,1,4705
1793,2028-11-27,67,368,8,3430
1794,2028-11-28,13,47,8,2637
1795,2028-11-29,49,200,9,3729
1796,2028-11-30,2,197,7,4403
1797,2028-12-01,8,227,4,2452
1798,2028-12-02,32,373,2,495
1799,2028-12-03,7,381,4,317
1800,2028-12-04,38,268,2,1708
1801,2028-12-05,6,406,5,4418
1802,2028-12-06,15,214,3,2990
1803,2028-12-07,77,426,6,1507
1804,2028-12-08,54,406,7,539
1805,2028-12-09,6,404,5,838
1806,2028-12-10,62,75,7,3364
1807,2028-12-11,81,461,1,3257
1808,2028-12-12,47,180,7,560
1809,2028-12-13,1,4,2,1785
1810,2028-12-14,57,107,3,2128
1811,2028-12-15,84,256,7,3501
1812,2028-12-16,30,457,8,512
1813,2028-12-17,45,32,3,3078
1814,2028-12-18,35,174,8,1165
1815,2028-12-19,6,428,6,3378
1816,2028-12-20,66,262,9,1133
1817,2028-12-21,15,169,3,3035
1818,2028-12-22,57,88,7,2252
1819,2028-12-23,60,50,9,421
1820,2028-12-24,96,24,1,3085
1821,2028-12-25,96,293,5,2090
1822,2028-12-26,93,134,1,1126
1823,2028-12-27,37,394,2,4578
1824,2028-12-28,22,434,7,1607
1825,2028-12-29,62,371,5,534
1826,2028-12-30,2,400,3,2767
1827,2028-12-31,60,240,4,803
1828,2029-01-01,90,243,2,2188
1829,2029-01-02,72,251,4,2994
1830,2029-01-03,51,329,4,2476
1831,2029-01-04,95,81,9,3042
1832,2029-01-05,62,456,4,2142
1833,2029-01-06,25,276,2,3042
1834,2029-01-07,63,122,8,3866
1835,2029-01-08,56,21,7,740
1836,2029-01-09,39,58,5,327
1837,2029-01-10,59,369,3,3070
1838,2029-01-11,7,81,3,418
1839,2029-01-12,79,226,8,1458
1840,2029-01-13,5,378,1,2847
1841,2029-01-14,63,268,4,2846
1842,2029-01-15,21,170,5,4310
1843,2029-01-16,22,488,8,251
1844,2029-01-17,13,439,1,4566
1845,2029-01-18,52,291,7,2136
1846,2029-01-19,78,337,5,4762
1847,2029-01-20,26,148,9,4395
1848,2029-01-21,41,238,6,647
1849,2029-01-22,17,332,4,2582
1850,2029-01-23,47,54,1,3371
1851,2029-01-24,61,481,7,4390
1852,2029-01-25,3,472,7,4565
1853,2029-01-26,89,119,3,2997
1854,2029-01-27,94,380,7,4820
1855,2029-01-28,30,404,2,2270
1856,2029-01-29,30,55,6,2782
1857,2029-01-30,22,416,6,4720
1858,2029-01-31,24,221,5,1750
1859,2029-02-01,46,247,8,2581
1860,2029-02-02,1,418,2,2699
1861,2029-02-03,5,263,7,965
1862,2029-02-04,41,453,9,1184
1863,2029-02-05,77,128,1,2672
1864,2029-02-06,89,115,8,1691
1865,2029-02-07,17,395,4,2758
1866,2029-02-08,29,474,8,1668
1867,2029-02-09,68,266,2,2464
1868,2029-02-10,64,128,8,2411
1869,2029-02-11,68,311,8,1102
1870,2029-02-12,27,13,4,4188
1871,2029-02-13,7,244,5,3430
1872,2029-02-14,67,421,4,1219
1873,2029-02-15,54,457,6,1917
1874,2029-02-16,27,329,7,4842
1875,2029-02-17,72,438,8,1283
1876,2029-02-18,44,247,2,2153
1877,2029-02-19,94,271,8,3198
1878,2029-02-20,50,469,2,2577
1879,2029-02-21,24,207,7,4534
1880,2029-02-22,59,273,9,733
1881,2029-02-23,83,328,8,1411
1882,2029-02-24,35,436,9,4147
1883,2029-02-25,34,463,8,627
1884,2029-02-26,69,263,6,254
1885,2029-02-27,9,242,4,4338
1886,2029-02-28,11,425,8,1186
1887,2029-03-01,80,260,4,2940
1888,2029-03-02,9,446,6,1023
1889,2029-03-03,37,434,6,3556
1890,2029-03-04,89,108,5,1297
1891,2029-03-05,56,377,2,1236
1892,2029-03-06,54,128,2,1677
1893,2029-03-07,62,37,9,4064
1894,2029-03-08,51,402,1,4841
1895,2029-03-09,25,259,2,3389
1896,2029-03-10,37,478,2,1720
1897,2029-03-11,31,105,2,2536
1898,2029-03-12,100,222,3,4686
1899,2029-03-13,10,223,1,2276
1900,2029-03-14,89,418,2,3051
1901,2029-03-15,71,355,6,668
1902,2029-03-16,79,463,9,2481
1903,2029-03-17,32,231,2,812
1904,2029-03-18,99,190,2,1278
1905,2029-03-19,14,388,9,265
1906,2029-03-20,47,165,1,2318
1907,2029-03-21,56,496,4,4112
1908,2029-03-22,16,115,1,3361
1909,2029-03-23,19,287,9,1730
1910,2029-03-24,57,174,4,3134
1911,2029-03-25,31,69,7,2684
1912,2029-03-26,65,4,9,3314
1913,2029-03-27,41,214,7,4865
1914,2029-03-28,88,59,3,3078
1915,2029-03-29,51,408,5,897
1916,2029-03-30,71,445,3,3150
1917,2029-03-31,48,383,8,2283
1918,2029-04-01,59,171,4,1859
1919,2029-04-02,39,196,8,376
1920,2029-04-03,57,60,7,2430
1921,2029-04-04,63,192,8,384
1922,2029-04-05,25,376,8,1847
1923,2029-04-06,31,423,7,497
1924,2029-04-07,19,101,5,3598
1925,2029-04-08,2,337,9,3730
1926,2029-04-09,96,432,7,3973
1927,2029-04-10,96,409,5,839
1928,2029-04-11,12,259,5,4608
1929,2029-04-12,74,271,6,263
1930,2029-04-13,33,343,9,2502
1931,2029-04-14,97,377,6,4390
1932,2029-04-15,88,78,1,1780
1933,2029-04-16,9,500,8,4152
1934,2029-04-17,51,391,7,546
1935,2029-04-18,12,402,7,2026
1936,2029-04-19,15,116,4,4300
1937,2029-04-20,18,261,6,2481
1938,2029-04-21,11,5,9,4494
1939,2029-04-22,4,302,2,3599
1940,2029-04-23,72,61,7,3343
1941,2029-04-24,94,95,7,3192
1942,2029-04-25,77,246,9,4899
1943,2029-04-26,29,301,8,2121
1944,2029-04-27,47,342,5,1560
1945,2029-04-28,11,397,4,2029
1946,2029-04-29,23,351,8,2754
1947,2029-04-30,60,420,6,3568
1948,2029-05-01,25,429,6,4012
1949,2029-05-02,42,123,8,4874
1950,2029-05-03,3,28,8,3567
1951,2029-05-04,68,354,3,248
1952,2029-05-05,22,170,5,1491
1953,2029-05-06,18,415,7,2815
1954,2029-05-07,64,468,5,541
1955,2029-05-08,78,89,6,582
1956,2029-05-09,7,247,5,2329
1957,2029-05-10,76,36,4,552
1958,2029-05-11,21,399,4,840
1959,2029-05-12,76,443,1,4394
1960,2029-05-13,64,471,1,649
1961,2029-05-14,91,447,3,1580
1962,2029-05-15,59,40,9,3363
1963,2029-05-16,23,82,5,4067
1964,2029-05-17,55,370,8,3375
1965,2029-05-18,61,419,2,4386
1966,2029-05-19,100,64,2,4800
1967,2029-05-20,46,395,1,2703
1968,2029-05-21,49,331,2,396
1969,2029-05-22,30,498,8,1967
1970,2029-05-23,51,161,7,804
1971,2029-05-24,20,328,7,884
1972,2029-05-25,78,396,1,408
1973,2029-05-26,58,429,6,3970
1974,2029-05-27,43,175,6,3214
1975,2029-05-28,33,205,9,4240
1976,2029-05-29,37,355,7,1033
1977,2029-05-30,98,418,4,2431
1978,2029-05-31,94,227,3,465
1979,2029-06-01,11,461,9,3980
1980,2029-06-02,26,4,3,1710
1981,2029-06-03,56,51,4,3374
1982,2029-06-04,46,129,9,1460
1983,2029-06-05,45,64,7,3489
1984,2029-06-06,66,40,9,2080
1985,2029-06-07,1,480,4,735
1986,2029-06-08,11,9,2,4637
1987,2029-06-09,14,322,4,1451
1988,2029-06-10,10,455,6,3142
1989,2029-06-11,1,500,8,3403
1990,2029-06-12,21,375,5,4515
1991,2029-06-13,30,251,1,2789
1992,2029-06-14,5,256,5,2739
1993,2029-06-15,32,4,3,3091
1994,2029-06-16,40,359,2,1939
1995,2029-06-17,22,380,5,858
1996,2029-06-18,34,382,7,3473
1997,2029-06-19,32,220,3,3075
1998,2029-06-20,56,397,5,3841
1999,2029-06-21,81,306,6,4061
2000,2029-06-22,16,82,2,1164
2001,2029-06-23,88,276,7,1282
2002,2029-06-24,82,251,8,1471
2003,2029-06-25,44,209,3,821
2004,2029-06-26,7,458,1,482
2005,2029-06-27,43,61,7,2713
2006,2029-06-28,26,122,6,4185
2007,2029-06-29,32,406,9,3399
2008,2029-06-30,61,235,2,4455
2009,2029-07-01,80,338,6,2188
2010,2029-07-02,22,204,8,4603
2011,2029-07-03,36,362,8,2015
2012,2029-07-04,83,438,8,4442
2013,2029-07-05,68,139,1,4636
2014,2029-07-06,80,266,6,1495
2015,2029-07-07,9,33,8,2769
2016,2029-07-08,5,263,2,354
2017,2029-07-09,5,448,7,3822
2018,2029-07-10,58,449,4,2700
2019,2029-07-11,13,67,8,2247
2020,2029-07-12,58,376,1,1988
2021,2029-07-13,28,377,5,2616
2022,2029-07-14,32,52,4,917
2023,2029-07-15,3,408,4,823
2024,2029-07-16,64,402,1,1706
2025,2029-07-17,70,180,9,2593
2026,2029-07-18,65,164,3,1910
2027,2029-07-19,48,39,5,2424
2028,2029-07-20,99,242,2,303
2029,2029-07-21,59,401,4,2685
2030,2029-07-22,74,363,8,2331
2031,2029-07-23,64,195,7,1991
2032,2029-07-24,70,173,3,4645
2033,2029-07-25,78,385,5,2294
2034,2029-07-26,4,92,3,2854
2035,2029-07-27,74,103,5,3147
2036,2029-07-28,15,101,3,2506
2037,2029-07-29,5,87,1,477
2038,2029-07-30,62,320,6,4543
2039,2029-07-31,53,348,4,2602
2040,2029-08-01,77,20,9,4965
2041,2029-08-02,64,46,9,623
2042,2029-08-03,12,19,9,1544
2043,2029-08-04,88,234,8,4067
2044,2029-08-05,25,339,5,2117
2045,2029-08-06,64,64,2,4319
2046,2029-08-07,64,430,5,1914
2047,2029-08-08,81,378,3,2874
2048,2029-08-09,70,189,9,4396
2049,2029-08-10,45,60,7,2225
2050,2029-08-11,51,285,7,959
2051,2029-08-12,18,212,4,1799
2052,2029-08-13,50,315,1,2121
2053,2029-08-14,91,379,7,1355
2054,2029-08-15,11,34,2,1964
2055,2029-08-16,15,377,5,1840
2056,2029-08-17,81,210,7,3333
2057,2029-08-18,41,295,9,1374
2058,2029-08-19,27,494,2,2546
2059,2029-08-20,63,67,1,4693
2060,2029-08-21,9,28,2,1920
2061,2029-08-22,24,186,7,2876
2062,2029-08-23,37,184,4,2400
2063,2029-08-24,96,430,1,3730
2064,2029-08-25,1,382,3,4245
2065,2029-08-26,66,212,5,4859
2066,2029-08-27,53,39,7,1299
2067,2029-08-28,53,399,4,3027
2068,2029-08-29,64,463,2,4858
2069,2029-08-30,41,499,2,1352
2070,2029-08-31,29,355,2,4662
2071,2029-09-01,12,236,8,3634
2072,2029-09-02,2,206,5,2900
2073,2029-09-03,47,118,8,1915
2074,2029-09-04,40,461,6,4238
2075,2029-09-05,38,328,2,2134
2076,2029-09-06,43,347,3,4189
2077,2029-09-07,42,367,1,3073
2078,2029-09-08,27,44,3,2490
2079,2029-09-09,87,282,6,2639
2080,2029-09-10,16,166,7,4913
2081,2029-09-11,59,397,9,335
2082,2029-09-12,63,190,5,2740
2083,2029-09-13,26,150,6,2423
2084,2029-09-14,53,484,3,219
2085,2029-09-15,51,432,6,4653
2086,2029-09-16,33,90,4,3384
2087,2029-09-17,5,303,7,3226
2088,2029-09-18,69,378,4,4503
2089,2029-09-19,32,400,6,2070
2090,2029-09-20,65,373,9,1331
2091,2029-09-21,10,227,8,3048
2092,2029-09-22,66,488,1,980
2093,2029-09-23,14,267,5,3084
2094,2029-09-24,11,116,4,2627
2095,2029-09-25,28,463,5,2248
2096,2029-09-26,2,87,6,365
2097,2029-09-27,79,225,5,832
2098,2029-09-28,31,265,8,4443
2099,2029-09-29,83,137,2,455
2100,2029-09-30,64,377,4,1787
2101,2029-10-01,62,326,2,4458
2102,2029-10-02,15,392,7,2970
2103,2029-10-03,81,397,6,4718
2104,2029-10-04,14,241,8,375
2105,2029-10-05,58,439,2,2710
2106,2029-10-06,59,113,6,1534
2107,2029-10-07,28,109,1,3696
2108,2029-10-08,78,294,6,3297
2109,2029-10-09,13,195,9,2043
2110,2029-10-10,77,455,9,3187
2111,2029-10-11,23,376,6,2097
2112,2029-10-12,35,295,4,2378
2113,2029-10-13,19,53,1,1754
2114,2029-10-14,10,37,9,2617
2115,2029-10-15,24,256,6,2344
2116,2029-10-16,83,383,1,2892
2117,2029-10-17,97,452,3,4917
2118,2029-10-18,20,266,9,3237
2119,2029-10-19,40,155,3,2718
2120,2029-10-20,96,151,5,3587
2121,2029-10-21,25,134,6,1483
2122,2029-10-22,13,148,7,4055
2123,2029-10-23,80,262,3,3010
2124,2029-10-24,93,34,2,2472
2125,2029-10-25,60,334,5,4775
2126,2029-10-26,92,315,8,1121
2127,2029-10-27,34,181,2,2691
2128,2029-10-28,44,60,2,3389
2129,2029-10-29,86,105,2,4621
2130,2029-10-30,90,318,9,2861
2131,2029-10-31,80,12,9,247
2132,2029-11-01,88,178,5,323
2133,2029-11-02,16,270,7,1919
2134,2029-11-03,41,108,5,2262
2135,2029-11-04,95,42,2,2373
2136,2029-11-05,92,500,3,2904
2137,2029-11-06,39,33,2,4134
2138,2029-11-07,91,31,1,1916
2139,2029-11-08,51,385,5,3093
2140,2029-11-09,8,3,5,2778
2141,2029-11-10,40,437,1,254
2142,2029-11-11,71,370,5,3835
2143,2029-11-12,44,28,5,2477
2144,2029-11-13,34,88,2,464
2145,2029-11-14,52,90,2,1542
2146,2029-11-15,41,236,9,3533
2147,2029-11-16,1,467,3,3639
2148,2029-11-17,31,156,2,4732
2149,2029-11-18,10,206,8,1197
2150,2029-11-19,8,200,3,1036
2151,2029-11-20,11,426,3,465
2152,2029-11-21,22,343,5,4896
2153,2029-11-22,94,233,6,4800
2154,2029-11-23,5,359,9,2864
2155,2029-11-24,41,91,9,4113
2156,2029-11-25,7,499,6,3571
2157,2029-11-26,90,212,4,837
2158,2029-11-27,85,441,7,360
2159,2029-11-28,18,159,8,900
2160,2029-11-29,38,303,8,2238
2161,2029-11-30,18,66,6,2779
2162,2029-12-01,81,288,4,1942
2163,2029-12-02,68,153,3,928
2164,2029-12-03,18,5,7,1068
2165,2029-12-04,82,227,3,745
2166,2029-12-05,45,498,2,2914
2167,2029-12-06,62,398,2,3704
2168,2029-12-07,20,120,5,3043
2169,2029-12-08,81,395,1,4907
2170,2029-12-09,5,15,2,2275
2171,2029-12-10,22,214,5,4846
2172,2029-12-11,60,24,4,1125
2173,2029-12-12,85,210,3,3588
2174,2029-12-13,51,333,2,1678
2175,2029-12-14,5,108,4,2720
2176,2029-12-15,92,310,3,2799
2177,2029-12-16,11,447,9,293
2178,2029-12-17,30,382,3,3936
2179,2029-12-18,17,423,5,578
2180,2029-12-19,100,204,2,2189
2181,2029-12-20,10,242,2,3876
2182,2029-12-21,98,348,9,3273
2183,2029-12-22,18,15,7,2342
2184,2029-12-23,26,46,7,1224
2185,2029-12-24,45,174,8,2653
2186,2029-12-25,94,436,8,3186
2187,2029-12-26,80,475,6,3323
2188,2029-12-27,54,415,3,3097
2189,2029-12-28,48,439,1,735
2190,2029-12-29,13,493,1,297
2191,2029-12-30,22,284,8,2354
2192,2029-12-31,33,239,8,3659
2193,2030-01-01,6,219,4,452
2194,2030-01-02,63,374,3,2238
2195,2030-01-03,54,384,2,232
2196,2030-01-04,4,496,4,3490
2197,2030-01-05,54,101,3,1308
2198,2030-01-06,72,162,5,3303
2199,2030-01-07,13,73,7,2520
2200,2030-01-08,70,277,8,851
2201,2030-01-09,92,403,7,694
2202,2030-01-10,11,1,8,813
2203,2030-01-11,96,226,9,4368
2204,2030-01-12,13,54,2,1463
2205,2030-01-13,31,450,8,1576
2206,2030-01-14,26,130,9,4410
2207,2030-01-15,79,309,3,1100
2208,2030-01-16,78,254,2,4334
2209,2030-01-17,24,492,9,4112
2210,2030-01-18,43,264,7,1876
2211,2030-01-19,72,12,6,1017
2212,2030-01-20,82,475,8,3111
2213,2030-01-21,34,313,2,452
2214,2030-01-22,20,310,6,3048
2215,2030-01-23,82,445,9,3434
2216,2030-01-24,50,330,9,944
2217,2030-01-25,91,50,6,1125
2218,2030-01-26,34,346,7,2336
2219,2030-01-27,13,11,3,988
2220,2030-01-28,25,340,3,1772
2221,2030-01-29,19,492,4,207
2222,2030-01-30,59,468,7,4818
2223,2030-01-31,45,34,1,1133
2224,2030-02-01,31,56,1,3419
2225,2030-02-02,77,367,7,3194
2226,2030-02-03,78,335,1,2339
2227,2030-02-04,77,329,8,1113
2228,2030-02-05,89,246,8,1440
2229,2030-02-06,68,431,2,4214
2230,2030-02-07,83,109,3,3319
2231,2030-02-08,48,446,3,4972
2232,2030-02-09,58,373,4,833
2233,2030-02-10,34,40,6,1945
2234,2030-02-11,58,251,6,1467
2235,2030-02-12,28,152,8,4376
2236,2030-02-13,52,229,2,4946
2237,2030-02-14,24,194,3,4772
2238,2030-02-15,36,66,5,4270
2239,2030-02-16,39,448,1,344
2240,2030-02-17,94,65,4,2476
2241,2030-02-18,58,24,8,4342
2242,2030-02-19,97,499,7,4114
2243,2030-02-20,19,320,9,2322
2244,2030-02-21,96,368,8,2451
2245,2030-02-22,69,403,6,4444
2246,2030-02-23,71,354,4,1227
2247,2030-02-24,58,414,3,3025
2248,2030-02-25,19,282,1,2469
2249,2030-02-26,22,380,4,4600
2250,2030-02-27,48,346,4,3284
2251,2030-02-28,55,337,4,1615
2252,2030-03-01,98,16,2,1436
2253,2030-03-02,30,419,3,1373
2254,2030-03-03,22,316,4,4220
2255,2030-03-04,41,31,8,4860
2256,2030-03-05,94,443,5,366
2257,2030-03-06,7,40,2,1077
2258,2030-03-07,16,439,6,787
2259,2030-03-08,16,158,3,3720
2260,2030-03-09,73,311,3,2084
2261,2030-03-10,72,289,4,2907
2262,2030-03-11,7,98,5,3467
2263,2030-03-12,61,245,1,1698
2264,2030-03-13,63,490,9,4629
2265,2030-03-14,48,434,5,2827
2266,2030-03-15,76,178,9,3041
2267,2030-03-16,8,410,4,2538
2268,2030-03-17,18,247,8,1057
2269,2030-03-18,87,204,2,1976
2270,2030-03-19,55,318,5,3839
2271,2030-03-20,71,120,4,2146
2272,2030-03-21,91,326,6,3993
2273,2030-03-22,94,73,6,3841
2274,2030-03-23,80,472,5,623
2275,2030-03-24,27,444,3,918
2276,2030-03-25,12,127,8,4885
2277,2030-03-26,69,474,7,4948
2278,2030-03-27,2,283,2,1147
2279,2030-03-28,93,376,6,676
2280,2030-03-29,51,285,6,586
2281,2030-03-30,90,58,9,560
2282,2030-03-31,91,448,5,3948
2283,2030-04-01,90,43,9,1607
2284,2030-04-02,61,214,4,3913
2285,2030-04-03,32,191,8,1732
2286,2030-04-04,56,60,8,3752
2287,2030-04-05,70,416,3,2647
2288,2030-04-06,36,156,9,1269
2289,2030-04-07,13,381,5,3019
2290,2030-04-08,43,434,5,1623
2291,2030-04-09,78,287,6,530
2292,2030-04-10,45,438,5,4702
2293,2030-04-11,38,7,9,2867
2294,2030-04-12,75,32,8,3228
2295,2030-04-13,96,484,2,406
2296,2030-04-14,99,149,6,538
2297,2030-04-15,51,235,3,3243
2298,2030-04-16,78,20,6,4151
2299,2030-04-17,99,340,8,1954
2300,2030-04-18,50,87,1,1505
2301,2030-04-19,70,309,8,4063
2302,2030-04-20,54,70,2,471
2303,2030-04-21,31,254,1,4925
2304,2030-04-22,7,235,6,2940
2305,2030-04-23,72,23,9,3146
2306,2030-04-24,56,338,6,2467
2307,2030-04-25,37,266,7,4854
2308,2030-04-26,7,471,2,1166
2309,2030-04-27,83,203,4,4925
2310,2030-04-28,88,472,1,1840
2311,2030-04-29,9,371,2,1213
2312,2030-04-30,95,29,2,4150
2313,2030-05-01,15,356,8,2172
2314,2030-05-02,17,415,5,4929
2315,2030-05-03,82,119,1,777
2316,2030-05-04,51,430,3,2887
2317,2030-05-05,98,368,9,3239
2318,2030-05-06,25,36,8,2763
2319,2030-05-07,26,449,2,3913
2320,2030-05-08,79,474,3,2650
2321,2030-05-09,55,240,5,2005
2322,2030-05-10,73,351,3,2301
2323,2030-05-11,96,494,1,4426
2324,2030-05-12,55,273,6,4846
2325,2030-05-13,46,284,2,2013
2326,2030-05-14,50,227,2,1293
2327,2030-05-15,39,278,2,2688
2328,2030-05-16,41,459,5,3111
2329,2030-05-17,77,434,9,3453
2330,2030-05-18,59,488,4,592
2331,2030-05-19,27,301,2,770
2332,2030-05-20,97,26,3,1598
2333,2030-05-21,92,463,9,4746
2334,2030-05-22,2,373,7,671
2335,2030-05-23,95,487,4,822
2336,2030-05-24,45,485,4,2531
2337,2030-05-25,99,112,6,3336
2338,2030-05-26,90,174,3,3778
2339,2030-05-27,67,217,8,914
2340,2030-05-28,9,358,1,1534
2341,2030-05-29,78,447,6,4518
2342,2030-05-30,28,206,4,2617
2343,2030-05-31,16,258,1,577
2344,2030-06-01,67,130,2,336
2345,2030-06-02,100,339,9,4373
2346,2030-06-03,79,91,3,3605
2347,2030-06-04,67,352,4,566
2348,2030-06-05,64,197,7,3734
2349,2030-06-06,90,302,7,578
2350,2030-06-07,76,370,4,2377
2351,2030-06-08,7,318,7,1275
2352,2030-06-09,4,260,7,4808
2353,2030-06-10,5,309,2,4336
2354,2030-06-11,80,43,8,3206
2355,2030-06-12,94,26,9,1992
2356,2030-06-13,92,176,5,1928
2357,2030-06-14,12,3,2,4289
2358,2030-06-15,48,77,1,3801
2359,2030-06-16,51,368,8,1753
2360,2030-06-17,10,25,3,4683
2361,2030-06-18,27,401,5,3734
2362,2030-06-19,26,34,5,3478
2363,2030-06-20,70,138,6,1509
2364,2030-06-21,57,16,2,448
2365,2030-06-22,59,122,2,2870
2366,2030-06-23,58,311,2,3254
2367,2030-06-24,13,55,9,1620
2368,2030-06-25,63,27,1,1975
2369,2030-06-26,6,261,6,2652
2370,2030-06-27,26,409,3,256
2371,2030-06-28,51,13,9,3382
2372,2030-06-29,83,415,1,1249
2373,2030-06-30,67,426,2,4872
2374,2030-07-01,82,239,6,4907
2375,2030-07-02,36,65,8,3421
2376,2030-07-03,57,485,5,1827
2377,2030-07-04,48,239,3,4033
2378,2030-07-05,51,305,9,1555
2379,2030-07-06,65,61,6,237
2380,2030-07-07,61,436,5,1333
2381,2030-07-08,64,336,7,1153
2382,2030-07-09,73,58,3,4352
2383,2030-07-10,6,179,2,1501
2384,2030-07-11,26,459,5,4271
2385,2030-07-12,2,397,1,3383
2386,2030-07-13,65,345,2,4400
2387,2030-07-14,80,285,8,1289
2388,2030-07-15,63,163,9,1558
2389,2030-07-16,27,332,1,4788
2390,2030-07-17,36,18,8,3181
2391,2030-07-18,82,260,5,2103
2392,2030-07-19,69,1,2,2118
2393,2030-07-20,93,286,6,2768
2394,2030-07-21,96,372,6,739
2395,2030-07-22,77,394,9,4086
2396,2030-07-23,41,153,3,2879
2397,2030-07-24,44,49,4,3186
2398,2030-07-25,48,253,5,1910
2399,2030-07-26,2,18,1,315
2400,2030-07-27,91,350,6,3742
2401,2030-07-28,56,163,9,3451
2402,2030-07-29,51,54,1,370
2403,2030-07-30,86,162,7,2735
2404,2030-07-31,58,415,8,1778
2405,2030-08-01,12,128,4,2355
2406,2030-08-02,54,362,1,811
2407,2030-08-03,50,401,2,4429
2408,2030-08-04,94,277,6,1444
2409,2030-08-05,52,11,9,2196
2410,2030-08-06,97,111,9,4515
2411,2030-08-07,90,346,7,1159
2412,2030-08-08,96,32,2,1382
2413,2030-08-09,100,268,6,1773
2414,2030-08-10,17,214,2,1276
2415,2030-08-11,60,330,1,856
2416,2030-08-12,27,316,8,343
2417,2030-08-13,13,351,3,4446
2418,2030-08-14,4,479,2,3023
2419,2030-08-15,68,486,4,2255
2420,2030-08-16,34,326,5,474
2421,2030-08-17,43,234,9,4881
2422,2030-08-18,81,260,1,4272
2423,2030-08-19,17,362,4,4603
2424,2030-08-20,63,161,3,243
2425,2030-08-21,76,70,5,4950
2426,2030-08-22,62,73,9,1146
2427,2030-08-23,81,367,1,3880
2428,2030-08-24,62,402,7,4495
2429,2030-08-25,84,25,5,4016
2430,2030-08-26,30,291,8,1141
2431,2030-08-27,58,294,7,4789
2432,2030-08-28,29,310,3,899
2433,2030-08-29,18,458,2,1667
2434,2030-08-30,58,325,5,3124
2435,2030-08-31,23,403,8,2767
2436,2030-09-01,56,248,4,2296
2437,2030-09-02,76,366,6,2262
2438,2030-09-03,79,88,7,1335
2439,2030-09-04,27,26,5,2348
2440,2030-09-05,81,24,9,1409
2441,2030-09-06,89,427,4,4532
2442,2030-09-07,64,384,6,2533
2443,2030-09-08,28,122,9,4972
2444,2030-09-09,1,367,9,2828
2445,2030-09-10,87,100,9,1081
2446,2030-09-11,72,273,6,2234
2447,2030-09-12,85,163,3,2923
2448,2030-09-13,93,218,9,2153
2449,2030-09-14,86,45,6,4852
2450,2030-09-15,90,123,8,3867
2451,2030-09-16,40,143,2,2572
2452,2030-09-17,49,9,4,4060
2453,2030-09-18,37,133,7,3639
2454,2030-09-19,98,441,8,1746
2455,2030-09-20,82,394,5,3352
2456,2030-09-21,1,186,6,2992
2457,2030-09-22,57,20,8,837
2458,2030-09-23,52,262,1,2249
2459,2030-09-24,95,184,7,878
2460,2030-09-25,5,252,3,2912
2461,2030-09-26,73,205,2,980
2462,2030-09-27,10,232,3,2870
2463,2030-09-28,76,344,7,2988
2464,2030-09-29,5,372,1,2267
2465,2030-09-30,12,432,9,3713
2466,2030-10-01,10,194,6,1428
2467,2030-10-02,60,188,5,2418
2468,2030-10-03,51,233,2,4820
2469,2030-10-04,55,221,8,4276
2470,2030-10-05,87,496,3,4015
2471,2030-10-06,18,76,7,2514
2472,2030-10-07,74,132,9,1166
2473,2030-10-08,70,377,6,1214
2474,2030-10-09,68,397,1,2559
2475,2030-10-10,73,440,3,829
2476,2030-10-11,56,77,9,1793
2477,2030-10-12,74,219,4,427
2478,2030-10-13,34,34,7,4972
2479,2030-10-14,34,174,7,2404
2480,2030-10-15,57,222,6,2904
2481,2030-10-16,40,262,8,3754
2482,2030-10-17,57,384,3,4765
2483,2030-10-18,95,147,4,3065
2484,2030-10-19,31,489,5,3613
2485,2030-10-20,85,475,2,3923
2486,2030-10-21,69,5,4,3121
2487,2030-10-22,37,76,9,4477
2488,2030-10-23,9,377,5,2061
2489,2030-10-24,18,368,4,2672
2490,2030-10-25,38,414,7,3460
2491,2030-10-26,22,57,6,1459
2492,2030-10-27,39,442,8,4972
2493,2030-10-28,4,210,9,4575
2494,2030-10-29,63,399,2,4641
2495,2030-10-30,30,37,5,1615
2496,2030-10-31,14,195,6,1504
2497,2030-11-01,33,82,8,4192
2498,2030-11-02,57,199,7,4010
2499,2030-11-03,81,302,2,4755
2500,2030-11-04,43,368,2,4106
2501,2030-11-05,8,135,2,4885
2502,2030-11-06,60,373,7,1316
2503,2030-11-07,22,74,7,2973
2504,2030-11-08,80,402,2,4076
2505,2030-11-09,75,64,7,3845
2506,2030-11-10,44,325,1,1916
2507,2030-11-11,91,176,3,1321
2508,2030-11-12,36,355,5,890
2509,2030-11-13,47,337,1,4977
2510,2030-11-14,18,329,8,1922
2511,2030-11-15,16,233,9,3638
2512,2030-11-16,67,184,2,3982
2513,2030-11-17,92,196,5,1930
2514,2030-11-18,90,458,3,2585
2515,2030-11-19,64,19,8,4171
2516,2030-11-20,78,282,2,3343
2517,2030-11-21,11,488,2,4317
2518,2030-11-22,59,255,3,2169
2519,2030-11-23,50,6,2,4853
2520,2030-11-24,68,365,7,2720
2521,2030-11-25,82,468,7,1949
2522,2030-11-26,94,115,1,238
2523,2030-11-27,53,434,2,1981
2524,2030-11-28,46,106,5,3779
2525,2030-11-29,85,347,8,2094
2526,2030-11-30,100,256,5,762
2527,2030-12-01,18,409,7,4904
2528,2030-12-02,10,306,1,1231
2529,2030-12-03,61,395,3,2026
2530,2030-12-04,57,462,1,4027
2531,2030-12-05,42,105,6,4755
2532,2030-12-06,66,368,7,740
2533,2030-12-07,82,162,7,3044
2534,2030-12-08,5,361,7,217
2535,2030-12-09,72,416,6,2362
2536,2030-12-10,75,351,5,292
2537,2030-12-11,53,392,2,4299
2538,2030-12-12,26,218,4,2352
2539,2030-12-13,91,367,4,3752
2540,2030-12-14,61,61,2,4004
2541,2030-12-15,63,319,8,1188
2542,2030-12-16,33,86,8,2121
2543,2030-12-17,6,483,6,2319
2544,2030-12-18,94,323,6,1257
2545,2030-12-19,34,101,7,609
2546,2030-12-20,80,108,2,1243
2547,2030-12-21,99,30,3,4340
2548,2030-12-22,68,169,6,1189
2549,2030-12-23,41,152,5,2483
2550,2030-12-24,77,182,1,1873
2551,2030-12-25,70,90,1,733
2552,2030-12-26,35,383,5,3156
2553,2030-12-27,35,128,7,4811
2554,2030-12-28,39,484,8,2443
2555,2030-12-29,21,63,4,4409
2556,2030-12-30,20,2,6,4604
2557,2030-12-31,82,173,7,3813
2558,2031-01-01,78,435,5,791
2559,2031-01-02,45,265,6,767
2560,2031-01-03,26,416,5,690
2561,2031-01-04,42,81,5,1202
2562,2031-01-05,89,286,1,684
2563,2031-01-06,53,243,9,4876
2564,2031-01-07,65,291,5,2111
2565,2031-01-08,74,123,3,4832
2566,2031-01-09,44,149,8,4128
2567,2031-01-10,33,281,5,431
2568,2031-01-11,19,311,9,2146
2569,2031-01-12,93,214,8,2206
2570,2031-01-13,43,335,7,2706
2571,2031-01-14,65,42,6,3257
2572,2031-01-15,19,306,8,654
2573,2031-01-16,12,482,8,1000
2574,2031-01-17,60,110,7,1901
2575,2031-01-18,78,156,2,509
2576,2031-01-19,73,398,5,4029
2577,2031-01-20,82,206,1,4631
2578,2031-01-21,87,248,4,2241
2579,2031-01-22,47,188,5,2533
2580,2031-01-23,26,261,5,1855
2581,2031-01-24,20,370,1,4961
2582,2031-01-25,95,197,9,1962
2583,2031-01-26,11,322,9,3276
2584,2031-01-27,7,395,8,391
2585,2031-01-28,95,368,3,848
2586,2031-01-29,34,292,2,4027
2587,2031-01-30,70,126,8,2338
2588,2031-01-31,69,7,3,2972
2589,2031-02-01,33,420,2,922
2590,2031-02-02,34,346,3,2730
2591,2031-02-03,61,375,7,1841
2592,2031-02-04,76,121,6,4888
2593,2031-02-05,57,96,1,336
2594,2031-02-06,71,465,8,1677
2595,2031-02-07,19,275,8,3982
2596,2031-02-08,67,349,7,1390
2597,2031-02-09,40,428,5,707
2598,2031-02-10,3,180,3,4766
2599,2031-02-11,36,239,5,376
2600,2031-02-12,90,159,2,4690
2601,2031-02-13,3,380,8,524
2602,2031-02-14,97,56,8,3465
2603,2031-02-15,87,89,9,1381
2604,2031-02-16,33,14,9,3002
2605,2031-02-17,49,285,2,4621
2606,2031-02-18,49,454,7,3167
2607,2031-02-19,16,356,5,980
2608,2031-02-20,16,442,3,2527
2609,2031-02-21,6,207,5,4781
2610,2031-02-22,23,303,9,3942
2611,2031-02-23,16,465,8,2171
2612,2031-02-24,92,369,7,2928
2613,2031-02-25,9,347,2,1420
2614,2031-02-26,98,425,9,4380
2615,2031-02-27,54,323,1,2944
2616,2031-02-28,22,109,7,4477
2617,2031-03-01,18,338,3,419
2618,2031-03-02,83,433,7,584
2619,2031-03-03,89,180,5,2346
2620,2031-03-04,99,432,6,4160
2621,2031-03-05,41,43,7,345
2622,2031-03-06,75,462,1,1123
2623,2031-03-07,95,9,3,982
2624,2031-03-08,29,488,4,361
2625,2031-03-09,68,301,2,2040
2626,2031-03-10,80,31,1,917
2627,2031-03-11,23,338,3,278
2628,2031-03-12,32,41,3,2975
2629,2031-03-13,82,87,2,1692
2630,2031-03-14,25,8,2,3234
2631,2031-03-15,67,62,9,3073
2632,2031-03-16,17,26,6,4551
2633,2031-03-17,5,290,4,4749
2634,2031-03-18,10,202,3,1941
2635,2031-03-19,2,248,8,4808
2636,2031-03-20,99,361,9,1094
2637,2031-03-21,33,350,9,802
2638,2031-03-22,18,396,3,1764
2639,2031-03-23,83,44,5,1165
2640,2031-03-24,64,111,3,2435
2641,2031-03-25,40,374,8,3136
2642,2031-03-26,56,182,1,218
2643,2031-03-27,99,330,2,410
2644,2031-03-28,92,31,3,3367
2645,2031-03-29,78,36,2,3381
2646,2031-03-30,29,344,9,3121
2647,2031-03-31,96,241,4,4260
2648,2031-04-01,100,336,1,1895
2649,2031-04-02,69,232,3,2521
2650,2031-04-03,21,59,6,2225
2651,2031-04-04,18,42,3,1258
2652,2031-04-05,60,14,4,454
2653,2031-04-06,29,81,5,2001
2654,2031-04-07,100,2,4,4148
2655,2031-04-08,11,253,2,4672
2656,2031-04-09,52,357,1,2971
2657,2031-04-10,35,271,2,4733
2658,2031-04-11,71,13,5,2565
2659,2031-04-12,92,71,4,1511
2660,2031-04-13,79,90,1,569
2661,2031-04-14,74,434,5,4150
2662,2031-04-15,85,326,3,2794
2663,2031-04-16,98,373,8,2421
2664,2031-04-17,94,72,6,1980
2665,2031-04-18,6,142,1,2813
2666,2031-04-19,48,75,3,4351
2667,2031-04-20,6,207,8,2219
2668,2031-04-21,3,133,5,3343
2669,2031-04-22,29,106,2,2791
2670,2031-04-23,50,356,4,1879
2671,2031-04-24,60,235,9,2387
2672,2031-04-25,11,119,5,4097
2673,2031-04-26,32,240,6,1598
2674,2031-04-27,87,293,8,2529
2675,2031-04-28,39,422,9,1020
2676,2031-04-29,67,435,3,4583
2677,2031-04-30,89,183,1,3455
2678,2031-05-01,75,373,9,296
2679,2031-05-02,82,8,2,4327
2680,2031-05-03,69,23,5,1803
2681,2031-05-04,59,162,7,4817
2682,2031-05-05,31,355,4,4958
2683,2031-05-06,81,6,9,4367
2684,2031-05-07,30,60,4,3209
2685,2031-05-08,31,136,8,1263
2686,2031-05-09,19,161,8,491
2687,2031-05-10,30,287,3,543
2688,2031-05-11,69,134,7,559
2689,2031-05-12,65,240,1,1542
2690,2031-05-13,74,5,5,710
2691,2031-05-14,10,71,1,620
2692,2031-05-15,50,328,9,3486
2693,2031-05-16,15,170,4,2020
2694,2031-05-17,13,366,6,1991
2695,2031-05-18,42,127,1,2714
2696,2031-05-19,73,21,9,1726
2697,2031-05-20,82,423,2,3520
2698,2031-05-21,45,294,5,4285
2699,2031-05-22,56,58,5,1023
2700,2031-05-23,12,403,9,3164
2701,2031-05-24,93,160,3,3668
2702,2031-05-25,3,113,2,4697
2703,2031-05-26,16,151,3,4502
2704,2031-05-27,47,24,4,2307
2705,2031-05-28,34,217,4,2140
2706,2031-05-29,50,39,5,406
2707,2031-05-30,43,287,9,4353
2708,2031-05-31,57,448,9,2922
2709,2031-06-01,52,287,9,2376
2710,2031-06-02,68,86,4,621
2711,2031-06-03,76,248,9,4512
2712,2031-06-04,11,265,4,2132
2713,2031-06-05,63,243,3,3138
2714,2031-06-06,98,482,4,1358
2715,2031-06-07,77,426,8,4601
2716,2031-06-08,71,123,1,555
2717,2031-06-09,30,63,4,1172
2718,2031-06-10,26,7,6,279
2719,2031-06-11,32,52,9,2131
2720,2031-06-12,15,370,5,2654
2721,2031-06-13,51,275,6,432
2722,2031-06-14,65,317,2,4898
2723,2031-06-15,99,263,5,331
2724,2031-06-16,34,476,2,1942
2725,2031-06-17,38,16,1,4452
2726,2031-06-18,24,29,6,4600
2727,2031-06-19,53,476,4,1855
2728,2031-06-20,77,131,1,4446
2729,2031-06-21,90,188,3,2795
2730,2031-06-22,14,70,3,1559
2731,2031-06-23,19,499,1,3929
2732,2031-06-24,13,335,5,1154
2733,2031-06-25,39,136,9,2688
2734,2031-06-26,32,59,4,2445
2735,2031-06-27,23,107,5,2190
2736,2031-06-28,52,99,3,3573
2737,2031-06-29,50,160,9,4922
2738,2031-06-30,94,304,8,841
2739,2031-07-01,44,305,5,2749
2740,2031-07-02,51,2,1,761
2741,2031-07-03,80,340,2,3395
2742,2031-07-04,73,102,3,1942
2743,2031-07-05,42,129,7,224
2744,2031-07-06,64,275,8,1038
2745,2031-07-07,1,277,9,1093
2746,2031-07-08,84,408,7,4611
2747,2031-07-09,92,139,5,3922
2748,2031-07-10,78,27,9,1478
2749,2031-07-11,38,395,1,1138
2750,2031-07-12,64,494,2,1687
2751,2031-07-13,73,252,2,3414
2752,2031-07-14,52,497,5,3200
2753,2031-07-15,41,418,3,1542
2754,2031-07-16,34,370,3,1355
2755,2031-07-17,89,185,9,2688
2756,2031-07-18,73,40,5,1363
2757,2031-07-19,94,340,2,1195
2758,2031-07-20,61,58,2,4077
2759,2031-07-21,39,477,7,4060
2760,2031-07-22,4,305,5,2674
2761,2031-07-23,1,181,9,1362
2762,2031-07-24,73,1,5,2551
2763,2031-07-25,8,382,6,456
2764,2031-07-26,43,143,2,538
2765,2031-07-27,79,74,9,3117
2766,2031-07-28,7,438,1,930
2767,2031-07-29,55,199,8,407
2768,2031-07-30,8,249,1,2392
2769,2031-07-31,92,200,6,2155
2770,2031-08-01,92,208,6,2947
2771,2031-08-02,37,305,7,2722
2772,2031-08-03,82,109,8,1520
2773,2031-08-04,3,388,9,3963
2774,2031-08-05,93,445,8,2132
2775,2031-08-06,43,126,6,1116
2776,2031-08-07,72,492,9,4389
2777,2031-08-08,72,92,5,4075
2778,2031-08-09,14,280,4,508
2779,2031-08-10,87,234,3,267
2780,2031-08-11,57,308,4,2643
2781,2031-08-12,58,212,9,4151
2782,2031-08-13,64,269,7,2002
2783,2031-08-14,32,295,4,908
2784,2031-08-15,15,470,3,4239
2785,2031-08-16,14,191,2,694
2786,2031-08-17,99,368,7,1568
2787,2031-08-18,85,445,1,2039
2788,2031-08-19,53,8,6,610
2789,2031-08-20,45,314,9,791
2790,2031-08-21,80,8,4,2218
2791,2031-08-22,47,159,4,2344
2792,2031-08-23,25,220,4,4087
2793,2031-08-24,75,328,1,2327
2794,2031-08-25,20,151,9,630
2795,2031-08-26,80,173,3,4428
2796,2031-08-27,74,111,4,4978
2797,2031-08-28,96,220,3,3342
2798,2031-08-29,94,197,9,2925
2799,2031-08-30,14,89,8,4517
2800,2031-08-31,16,421,7,2640
2801,2031-09-01,49,455,1,958
2802,2031-09-02,61,69,8,3289
2803,2031-09-03,52,137,7,2820
2804,2031-09-04,61,270,5,2103
2805,2031-09-05,94,414,3,4907
2806,2031-09-06,38,309,6,2107
2807,2031-09-07,97,143,3,744
2808,2031-09-08,27,278,3,3611
2809,2031-09-09,72,185,4,316
2810,2031-09-10,17,271,7,1214
2811,2031-09-11,98,260,6,4344
2812,2031-09-12,24,387,5,3127
2813,2031-09-13,73,394,5,200
2814,2031-09-14,91,304,4,2681
2815,2031-09-15,66,187,4,2471
2816,2031-09-16,19,13,9,3529
2817,2031-09-17,100,60,7,3045
2818,2031-09-18,8,15,7,2065
2819,2031-09-19,30,64,3,1664
2820,2031-09-20,45,422,5,1473
2821,2031-09-21,93,175,5,3989
2822,2031-09-22,70,378,7,4117
2823,2031-09-23,91,176,7,2054
2824,2031-09-24,91,48,7,3743
2825,2031-09-25,89,198,6,563
2826,2031-09-26,97,291,1,2681
2827,2031-09-27,41,44,6,3150
2828,2031-09-28,25,362,7,3625
2829,2031-09-29,85,234,1,3311
2830,2031-09-30,28,494,3,2161
2831,2031-10-01,91,17,2,4401
2832,2031-10-02,30,289,5,697
2833,2031-10-03,37,3,7,3028
2834,2031-10-04,67,236,4,4004
2835,2031-10-05,64,179,7,759
2836,2031-10-06,59,44,6,1239
2837,2031-10-07,62,231,2,4864
2838,2031-10-08,38,356,5,498
2839,2031-10-09,71,307,9,3508
2840,2031-10-10,73,185,4,751
2841,2031-10-11,72,31,9,1422
2842,2031-10-12,59,109,9,3358
2843,2031-10-13,65,142,1,1112
2844,2031-10-14,97,348,3,1479
2845,2031-10-15,95,336,4,4111
2846,2031-10-16,88,467,4,606
2847,2031-10-17,34,461,7,1371
2848,2031-10-18,2,65,3,3711
2849,2031-10-19,74,8,4,2613
2850,2031-10-20,11,159,2,1462
2851,2031-10-21,57,99,8,1431
2852,2031-10-22,98,417,6,4326
2853,2031-10-23,21,110,4,650
2854,2031-10-24,81,114,3,1764
2855,2031-10-25,11,273,7,1860
2856,2031-10-26,64,475,6,3733
2857,2031-10-27,46,95,4,1366
2858,2031-10-28,27,240,7,4835
2859,2031-10-29,84,114,1,4919
2860,2031-10-30,90,403,8,2672
2861,2031-10-31,8,185,5,844
2862,2031-11-01,66,435,1,4012
2863,2031-11-02,30,231,6,1016
2864,2031-11-03,86,251,8,4614
2865,2031-11-04,24,101,9,2243
2866,2031-11-05,7,467,7,450
2867,2031-11-06,4,267,2,4499
2868,2031-11-07,4,300,6,1377
2869,2031-11-08,81,189,6,2292
2870,2031-11-09,12,219,6,3507
2871,2031-11-10,19,499,1,3014
2872,2031-11-11,59,469,4,1984
2873,2031-11-12,15,455,8,2065
2874,2031-11-13,46,241,8,364
2875,2031-11-14,24,316,4,1715
2876,2031-11-15,43,30,6,1451
2877,2031-11-16,89,25,1,4888
2878,2031-11-17,51,365,1,1875
2879,2031-11-18,51,402,8,4949
2880,2031-11-19,41,94,4,4236
2881,2031-11-20,24,454,6,3261
2882,2031-11-21,96,310,5,350
2883,2031-11-22,37,60,9,3522
2884,2031-11-23,45,225,5,4114
2885,2031-11-24,76,211,7,668
2886,2031-11-25,52,72,2,1154
2887,2031-11-26,80,228,7,2715
2888,2031-11-27,33,237,5,801
2889,2031-11-28,3,103,8,654
2890,2031-11-29,89,490,4,1939
2891,2031-11-30,72,380,4,3371
2892,2031-12-01,56,421,8,1912
2893,2031-12-02,16,78,4,399
2894,2031-12-03,4,355,2,4015
2895,2031-12-04,51,288,9,787
2896,2031-12-05,40,74,7,3490
2897,2031-12-06,49,254,9,4816
2898,2031-12-07,91,100,6,2579
2899,2031-12-08,81,145,7,3262
2900,2031-12-09,69,20,6,3327
2901,2031-12-10,61,94,4,372
2902,2031-12-11,72,206,7,1069
2903,2031-12-12,8,476,1,2222
2904,2031-12-13,17,107,8,4928
2905,2031-12-14,24,281,8,4808
2906,2031-12-15,8,75,5,841
2907,2031-12-16,35,490,3,3239
2908,2031-12-17,6,421,7,2406
2909,2031-12-18,22,157,8,1743
2910,2031-12-19,31,343,9,3976
2911,2031-12-20,16,165,4,3299
2912,2031-12-21,87,295,9,2107
2913,2031-12-22,9,393,9,3767
2914,2031-12-23,13,84,3,4075
2915,2031-12-24,14,317,9,631
2916,2031-12-25,90,97,1,3521
2917,2031-12-26,43,336,2,3004
2918,2031-12-27,5,385,9,2102
2919,2031-12-28,86,487,1,4353
2920,2031-12-29,65,399,4,1756
2921,2031-12-30,2,303,4,3259
2922,2031-12-31,6,446,9,3611
2923,2032-01-01,6,441,8,2056
2924,2032-01-02,5,22,2,4633
2925,2032-01-03,39,385,9,508
2926,2032-01-04,74,483,1,4671
2927,2032-01-05,68,241,5,1260
2928,2032-01-06,77,104,6,3028
2929,2032-01-07,57,81,3,3594
2930,2032-01-08,55,42,8,2718
2931,2032-01-09,74,403,2,4281
2932,2032-01-10,72,64,8,4130
2933,2032-01-11,71,29,8,3869
2934,2032-01-12,75,126,6,3324
2935,2032-01-13,24,350,6,3684
2936,2032-01-14,12,105,9,3747
2937,2032-01-15,6,298,7,1245
2938,2032-01-16,100,23,9,4836
2939,2032-01-17,21,327,3,4131
2940,2032-01-18,70,399,8,3194
2941,2032-01-19,81,261,9,807
2942,2032-01-20,64,344,6,2851
2943,2032-01-21,98,153,5,4480
2944,2032-01-22,76,76,2,2126
2945,2032-01-23,60,386,8,1297
2946,2032-01-24,34,361,5,3839
2947,2032-01-25,52,166,1,1045
2948,2032-01-26,90,341,5,4952
2949,2032-01-27,37,342,5,923
2950,2032-01-28,60,287,1,2306
2951,2032-01-29,13,383,3,4993
2952,2032-01-30,41,366,8,1974
2953,2032-01-31,41,455,8,1112
2954,2032-02-01,79,339,5,336
2955,2032-02-02,7,234,8,614
2956,2032-02-03,22,264,3,3629
2957,2032-02-04,38,232,7,2140
2958,2032-02-05,65,467,1,3748
2959,2032-02-06,60,153,2,4162
2960,2032-02-07,95,258,1,3451
2961,2032-02-08,76,119,2,4908
2962,2032-02-09,38,1,2,2075
2963,2032-02-10,93,191,3,2454
2964,2032-02-11,55,188,2,1606
2965,2032-02-12,37,296,7,547
2966,2032-02-13,4,227,7,3879
2967,2032-02-14,82,97,8,1014
2968,2032-02-15,87,193,7,1160
2969,2032-02-16,63,414,3,3533
2970,2032-02-17,69,14,4,2180
2971,2032-02-18,44,373,4,308
2972,2032-02-19,4,244,3,3061
2973,2032-02-20,100,47,7,2766
2974,2032-02-21,78,440,7,4698
2975,2032-02-22,75,455,1,1615
2976,2032-02-23,33,99,9,281
2977,2032-02-24,95,179,7,1364
2978,2032-02-25,61,186,6,1192
2979,2032-02-26,29,141,1,399
2980,2032-02-27,84,95,3,1050
2981,2032-02-28,82,248,7,1297
2982,2032-02-29,78,220,1,2684
2983,2032-03-01,14,29,6,2859
2984,2032-03-02,80,344,9,2956
2985,2032-03-03,39,328,6,3458
2986,2032-03-04,27,110,7,2360
2987,2032-03-05,8,297,3,2499
2988,2032-03-06,52,173,7,1844
2989,2032-03-07,18,65,1,4311
2990,2032-03-08,58,61,7,4767
2991,2032-03-09,82,176,1,3419
2992,2032-03-10,49,31,3,3289
2993,2032-03-11,17,349,3,2106
2994,2032-03-12,92,408,5,2167
2995,2032-03-13,4,216,5,3886
2996,2032-03-14,14,112,7,1780
2997,2032-03-15,22,165,9,3678
2998,2032-03-16,100,174,5,4630
2999,2032-03-17,60,2,1,3463
3000,2032-03-18,77,337,1,831
